Hugo_Symbol,Chromosome,Start_Position,End_Position,Consequence,Variant_Classification,Variant_Type,Reference_Allele,Tumor_Seq_Allele2,SAMPLE_ID,Sequence_Source,HGVSc,HGVSp,HGVSp_Short,Transcript_ID,RefSeq,Protein_position,PATIENT_ID,SAMPLE_CLASS,ONCOTREE_CODE,CANCER_TYPE,CANCER_TYPE_DETAILED,TMB_NONSYNONYMOUS,AGE,SEX,ETHNICITY,STUDY_ID,Gnomad_Notation
CACNG3,16,24372874,24372874,missense_variant,Missense_Mutation,SNP,C,T,SJDES006,WGS,ENST00000005284.3:c.638C>T,p.Ser213Leu,p.S213L,ENST00000005284,NM_006539.3,213.0,SJDES006,Tumor,ES,Bone Cancer,Ewing Sarcoma,2.5,8.0,Female,White/Europe,es_dfarber_broad_2014,16-24372874-C-T
FOXR2,X,55650469,55650469,missense_variant,Missense_Mutation,SNP,C,G,SJDES006,WGS,ENST00000339140.3:c.325C>G,p.Pro109Ala,p.P109A,ENST00000339140,NM_198451.3,109.0,SJDES006,Tumor,ES,Bone Cancer,Ewing Sarcoma,2.5,8.0,Female,White/Europe,es_dfarber_broad_2014,X-55650469-C-G
STAG2,X,123179197,123179197,stop_gained,Nonsense_Mutation,SNP,C,T,SJDES006,WGS,ENST00000218089.9:c.646C>T,p.Arg216Ter,p.R216*,ENST00000218089,NM_001042749.1,216.0,SJDES006,Tumor,ES,Bone Cancer,Ewing Sarcoma,2.5,8.0,Female,White/Europe,es_dfarber_broad_2014,X-123179197-C-T
ZNF335,20,44596963,44596963,stop_gained,Nonsense_Mutation,SNP,C,A,SJDES008,WGS,ENST00000322927.2:c.481G>T,p.Glu161Ter,p.E161*,ENST00000322927,NM_022095.3,161.0,SJDES008,Tumor,ES,Bone Cancer,Ewing Sarcoma,0.266666666667,0.8,Male,Black/Sub-Saharan Africa,es_dfarber_broad_2014,20-44596963-C-A
CD22,19,35831987,35831987,missense_variant,Missense_Mutation,SNP,G,A,SJDES009,WGS,ENST00000085219.5:c.1453G>A,p.Ala485Thr,p.A485T,ENST00000085219,NM_001771.3,485.0,SJDES009,Tumor,ES,Bone Cancer,Ewing Sarcoma,0.233333333333,5.0,Male,White/Europe,es_dfarber_broad_2014,19-35831987-G-A
GPM6B,X,13801506,13801506,missense_variant,Missense_Mutation,SNP,C,A,SJDES009,WGS,ENST00000316715.4:c.503G>T,p.Cys168Phe,p.C168F,ENST00000316715,NM_001001995.1,168.0,SJDES009,Tumor,ES,Bone Cancer,Ewing Sarcoma,0.233333333333,5.0,Male,White/Europe,es_dfarber_broad_2014,X-13801506-C-A
SLC5A11,16,24881302,24881302,synonymous_variant,Silent,SNP,T,C,SJDES009,WGS,ENST00000347898.3:c.288T>C,p.Ile96=,p.I96=,ENST00000347898,NM_052944.3,96.0,SJDES009,Tumor,ES,Bone Cancer,Ewing Sarcoma,0.233333333333,5.0,Male,White/Europe,es_dfarber_broad_2014,16-24881302-T-C
BSDC1,1,32852416,32852416,synonymous_variant,Silent,SNP,G,A,SJDES010,WGS,ENST00000446293.2:c.153C>T,p.Ile51=,p.I51=,ENST00000446293,,51.0,SJDES010,Tumor,ES,Bone Cancer,Ewing Sarcoma,0.333333333333,9.0,Male,White/Europe,es_dfarber_broad_2014,1-32852416-G-A
FAT1,4,187539319,187539319,synonymous_variant,Silent,SNP,C,T,SJDES010,WGS,ENST00000441802.2:c.8421G>A,p.Pro2807=,p.P2807=,ENST00000441802,NM_005245.3,2807.0,SJDES010,Tumor,ES,Bone Cancer,Ewing Sarcoma,0.333333333333,9.0,Male,White/Europe,es_dfarber_broad_2014,4-187539319-C-T
FCAR,19,55401104,55401104,stop_gained,Nonsense_Mutation,SNP,G,T,SJDES010,WGS,ENST00000355524.3:c.739G>T,p.Glu247Ter,p.E247*,ENST00000355524,NM_002000.2,247.0,SJDES010,Tumor,ES,Bone Cancer,Ewing Sarcoma,0.333333333333,9.0,Male,White/Europe,es_dfarber_broad_2014,19-55401104-G-T
OR4C15,11,55322719,55322719,missense_variant,Missense_Mutation,SNP,C,G,SJDES010,WGS,ENST00000314644.2:c.937C>G,p.Arg313Gly,p.R313G,ENST00000314644,NM_001001920.1,313.0,SJDES010,Tumor,ES,Bone Cancer,Ewing Sarcoma,0.333333333333,9.0,Male,White/Europe,es_dfarber_broad_2014,11-55322719-C-G
PRSS55,8,10387198,10387198,synonymous_variant,Silent,SNP,C,T,SJDES010,WGS,ENST00000328655.3:c.336C>T,p.Ser112=,p.S112=,ENST00000328655,NM_198464.3,112.0,SJDES010,Tumor,ES,Bone Cancer,Ewing Sarcoma,0.333333333333,9.0,Male,White/Europe,es_dfarber_broad_2014,8-10387198-C-T
ZDHHC15,X,74742823,74742824,frameshift_variant,Frame_Shift_Ins,INS,-,C,SJDES010,WGS,ENST00000373367.3:c.36dup,p.Leu13AlafsTer30,p.L13Afs*30,ENST00000373367,NM_144969.2,12.0,SJDES010,Tumor,ES,Bone Cancer,Ewing Sarcoma,0.333333333333,9.0,Male,White/Europe,es_dfarber_broad_2014,X-74742823---C
ADH5,4,100003184,100003184,synonymous_variant,Silent,SNP,T,C,SJDES001-R,WGS,ENST00000296412.8:c.198A>G,p.Gly66=,p.G66=,ENST00000296412,NM_000671.3,66.0,SJDES001,Tumor,ES,Bone Cancer,Ewing Sarcoma,3.4,4.0,Male,White/Europe,es_dfarber_broad_2014,4-100003184-T-C
ALOXE3,17,8017921,8017921,synonymous_variant,Silent,SNP,C,A,SJDES001-R,WGS,ENST00000318227.3:c.957G>T,p.Gly319=,p.G319=,ENST00000318227,NM_001165960.1,319.0,SJDES001,Tumor,ES,Bone Cancer,Ewing Sarcoma,3.4,4.0,Male,White/Europe,es_dfarber_broad_2014,17-8017921-C-A
C7orf29,7,150028079,150028079,missense_variant,Missense_Mutation,SNP,G,C,SJDES001-R,WGS,ENST00000343855.4:c.586G>C,p.Val196Leu,p.V196L,ENST00000343855,NM_138434.2,196.0,SJDES001,Tumor,ES,Bone Cancer,Ewing Sarcoma,3.4,4.0,Male,White/Europe,es_dfarber_broad_2014,7-150028079-G-C
CCNL2,1,1322786,1322786,missense_variant,Missense_Mutation,SNP,C,T,SJDES001-R,WGS,ENST00000400809.3:c.1388G>A,p.Ser463Asn,p.S463N,ENST00000400809,NM_030937.4,463.0,SJDES001,Tumor,ES,Bone Cancer,Ewing Sarcoma,3.4,4.0,Male,White/Europe,es_dfarber_broad_2014,1-1322786-C-T
CLK3,15,74914518,74914518,missense_variant,Missense_Mutation,SNP,C,G,SJDES001-R,WGS,ENST00000395066.3:c.871C>G,p.His291Asp,p.H291D,ENST00000395066,NM_001130028.1,291.0,SJDES001,Tumor,ES,Bone Cancer,Ewing Sarcoma,3.4,4.0,Male,White/Europe,es_dfarber_broad_2014,15-74914518-C-G
COL7A1,3,48623847,48623847,synonymous_variant,Silent,SNP,G,A,SJDES001-R,WGS,ENST00000328333.8:c.3468C>T,p.His1156=,p.H1156=,ENST00000328333,NM_000094.3,1156.0,SJDES001,Tumor,ES,Bone Cancer,Ewing Sarcoma,3.4,4.0,Male,White/Europe,es_dfarber_broad_2014,3-48623847-G-A
CYLC2,9,105767815,105767815,missense_variant,Missense_Mutation,SNP,A,G,SJDES001-R,WGS,ENST00000374798.3:c.902A>G,p.Lys301Arg,p.K301R,ENST00000374798,NM_001340.3,301.0,SJDES001,Tumor,ES,Bone Cancer,Ewing Sarcoma,3.4,4.0,Male,White/Europe,es_dfarber_broad_2014,9-105767815-A-G
DLG4,17,7097766,7097766,missense_variant,Missense_Mutation,SNP,C,G,SJDES001-R,WGS,ENST00000399510.2:c.1479G>C,p.Gln493His,p.Q493H,ENST00000399510,NM_001365.3,493.0,SJDES001,Tumor,ES,Bone Cancer,Ewing Sarcoma,3.4,4.0,Male,White/Europe,es_dfarber_broad_2014,17-7097766-C-G
DNAJC27,2,25174282,25174282,missense_variant,Missense_Mutation,SNP,C,T,SJDES001-R,WGS,ENST00000264711.2:c.670G>A,p.Val224Ile,p.V224I,ENST00000264711,NM_016544.2,224.0,SJDES001,Tumor,ES,Bone Cancer,Ewing Sarcoma,3.4,4.0,Male,White/Europe,es_dfarber_broad_2014,2-25174282-C-T
EEA1,12,93258761,93258761,"splice_region_variant,synonymous_variant",Splice_Region,SNP,A,C,SJDES001-R,WGS,ENST00000322349.8:c.120T>G,p.Gly40=,p.G40=,ENST00000322349,NM_003566.3,40.0,SJDES001,Tumor,ES,Bone Cancer,Ewing Sarcoma,3.4,4.0,Male,White/Europe,es_dfarber_broad_2014,12-93258761-A-C
EIF2A,3,150289956,150289956,missense_variant,Missense_Mutation,SNP,G,A,SJDES001-R,WGS,ENST00000460851.1:c.1023G>A,p.Met341Ile,p.M341I,ENST00000460851,,341.0,SJDES001,Tumor,ES,Bone Cancer,Ewing Sarcoma,3.4,4.0,Male,White/Europe,es_dfarber_broad_2014,3-150289956-G-A
EIF3I,1,32694343,32694343,missense_variant,Missense_Mutation,SNP,A,G,SJDES001-R,WGS,ENST00000373586.1:c.655A>G,p.Thr219Ala,p.T219A,ENST00000373586,NM_003757.2,219.0,SJDES001,Tumor,ES,Bone Cancer,Ewing Sarcoma,3.4,4.0,Male,White/Europe,es_dfarber_broad_2014,1-32694343-A-G
ELOVL2,6,11005607,11005607,"missense_variant,splice_region_variant",Missense_Mutation,SNP,C,T,SJDES001-R,WGS,ENST00000354666.3:c.253G>A,p.Glu85Lys,p.E85K,ENST00000354666,NM_017770.3,85.0,SJDES001,Tumor,ES,Bone Cancer,Ewing Sarcoma,3.4,4.0,Male,White/Europe,es_dfarber_broad_2014,6-11005607-C-T
FAM40A,1,110584450,110584450,missense_variant,Missense_Mutation,SNP,G,T,SJDES001-R,WGS,ENST00000369795.3:c.852G>T,p.Lys284Asn,p.K284N,ENST00000369795,NM_033088.3,284.0,SJDES001,Tumor,ES,Bone Cancer,Ewing Sarcoma,3.4,4.0,Male,White/Europe,es_dfarber_broad_2014,1-110584450-G-T
FBXO41,2,73486361,73486361,missense_variant,Missense_Mutation,SNP,G,C,SJDES001-R,WGS,ENST00000521871.1:c.2513C>G,p.Pro838Arg,p.P838R,ENST00000521871,,838.0,SJDES001,Tumor,ES,Bone Cancer,Ewing Sarcoma,3.4,4.0,Male,White/Europe,es_dfarber_broad_2014,2-73486361-G-C
FGF7,15,49775361,49775361,missense_variant,Missense_Mutation,SNP,C,G,SJDES001-R,WGS,ENST00000267843.4:c.300C>G,p.Ile100Met,p.I100M,ENST00000267843,NM_002009.3,100.0,SJDES001,Tumor,ES,Bone Cancer,Ewing Sarcoma,3.4,4.0,Male,White/Europe,es_dfarber_broad_2014,15-49775361-C-G
HIVEP3,1,42050447,42050447,missense_variant,Missense_Mutation,SNP,T,G,SJDES001-R,WGS,ENST00000372583.1:c.22A>C,p.Lys8Gln,p.K8Q,ENST00000372583,NM_024503.4,8.0,SJDES001,Tumor,ES,Bone Cancer,Ewing Sarcoma,3.4,4.0,Male,White/Europe,es_dfarber_broad_2014,1-42050447-T-G
KANK1,9,738474,738474,missense_variant,Missense_Mutation,SNP,T,G,SJDES001-R,WGS,ENST00000382303.1:c.3523T>G,p.Phe1175Val,p.F1175V,ENST00000382303,NM_001256876.1,1175.0,SJDES001,Tumor,ES,Bone Cancer,Ewing Sarcoma,3.4,4.0,Male,White/Europe,es_dfarber_broad_2014,9-738474-T-G
MCC,5,112439965,112439965,missense_variant,Missense_Mutation,SNP,C,G,SJDES001-R,WGS,ENST00000408903.3:c.1115G>C,p.Ser372Thr,p.S372T,ENST00000408903,NM_001085377.1,372.0,SJDES001,Tumor,ES,Bone Cancer,Ewing Sarcoma,3.4,4.0,Male,White/Europe,es_dfarber_broad_2014,5-112439965-C-G
NRXN3,14,79433654,79433654,missense_variant,Missense_Mutation,SNP,C,T,SJDES001-R,WGS,ENST00000554719.1:c.1762C>T,p.Arg588Trp,p.R588W,ENST00000554719,NM_004796.5,588.0,SJDES001,Tumor,ES,Bone Cancer,Ewing Sarcoma,3.4,4.0,Male,White/Europe,es_dfarber_broad_2014,14-79433654-C-T
PIK3R1,5,67593365,67593365,missense_variant,Missense_Mutation,SNP,T,G,SJDES001-R,WGS,ENST00000274335.5:c.2111T>G,p.Val704Gly,p.V704G,ENST00000274335,,704.0,SJDES001,Tumor,ES,Bone Cancer,Ewing Sarcoma,3.4,4.0,Male,White/Europe,es_dfarber_broad_2014,5-67593365-T-G
PLAT,8,42036424,42036424,synonymous_variant,Silent,SNP,G,A,SJDES001-R,WGS,ENST00000220809.4:c.1521C>T,p.Asp507=,p.D507=,ENST00000220809,NM_000930.3,507.0,SJDES001,Tumor,ES,Bone Cancer,Ewing Sarcoma,3.4,4.0,Male,White/Europe,es_dfarber_broad_2014,8-42036424-G-A
PLXNA2,1,208276556,208276556,missense_variant,Missense_Mutation,SNP,T,G,SJDES001-R,WGS,ENST00000367033.3:c.1543A>C,p.Thr515Pro,p.T515P,ENST00000367033,NM_025179.3,515.0,SJDES001,Tumor,ES,Bone Cancer,Ewing Sarcoma,3.4,4.0,Male,White/Europe,es_dfarber_broad_2014,1-208276556-T-G
RASA3,13,114748776,114748776,synonymous_variant,Silent,SNP,G,A,SJDES001-R,WGS,ENST00000334062.7:c.2487C>T,p.Thr829=,p.T829=,ENST00000334062,NM_007368.2,829.0,SJDES001,Tumor,ES,Bone Cancer,Ewing Sarcoma,3.4,4.0,Male,White/Europe,es_dfarber_broad_2014,13-114748776-G-A
RNF113B,13,98829108,98829108,missense_variant,Missense_Mutation,SNP,A,T,SJDES001-R,WGS,ENST00000267291.6:c.383T>A,p.Leu128His,p.L128H,ENST00000267291,NM_178861.4,128.0,SJDES001,Tumor,ES,Bone Cancer,Ewing Sarcoma,3.4,4.0,Male,White/Europe,es_dfarber_broad_2014,13-98829108-A-T
SLC6A7,5,149580766,149580766,missense_variant,Missense_Mutation,SNP,C,T,SJDES001-R,WGS,ENST00000230671.2:c.838C>T,p.His280Tyr,p.H280Y,ENST00000230671,NM_014228.3,280.0,SJDES001,Tumor,ES,Bone Cancer,Ewing Sarcoma,3.4,4.0,Male,White/Europe,es_dfarber_broad_2014,5-149580766-C-T
SMARCA4,19,11144071,11144071,missense_variant,Missense_Mutation,SNP,G,T,SJDES001-R,WGS,ENST00000344626.4:c.3652G>T,p.Ala1218Ser,p.A1218S,ENST00000344626,NM_003072.3,1218.0,SJDES001,Tumor,ES,Bone Cancer,Ewing Sarcoma,3.4,4.0,Male,White/Europe,es_dfarber_broad_2014,19-11144071-G-T
TCP1,6,160206972,160206972,missense_variant,Missense_Mutation,SNP,G,C,SJDES001-R,WGS,ENST00000321394.7:c.337C>G,p.His113Asp,p.H113D,ENST00000321394,NM_030752.2,113.0,SJDES001,Tumor,ES,Bone Cancer,Ewing Sarcoma,3.4,4.0,Male,White/Europe,es_dfarber_broad_2014,6-160206972-G-C
TFR2,7,100225443,100225443,"missense_variant,splice_region_variant",Missense_Mutation,SNP,C,G,SJDES001-R,WGS,ENST00000462107.1:c.1606G>C,p.Val536Leu,p.V536L,ENST00000462107,,536.0,SJDES001,Tumor,ES,Bone Cancer,Ewing Sarcoma,3.4,4.0,Male,White/Europe,es_dfarber_broad_2014,7-100225443-C-G
TRAK1,3,42234608,42234608,missense_variant,Missense_Mutation,SNP,G,A,SJDES001-R,WGS,ENST00000327628.5:c.811G>A,p.Ala271Thr,p.A271T,ENST00000327628,NM_001042646.2,271.0,SJDES001,Tumor,ES,Bone Cancer,Ewing Sarcoma,3.4,4.0,Male,White/Europe,es_dfarber_broad_2014,3-42234608-G-A
USP47,11,11964341,11964341,missense_variant,Missense_Mutation,SNP,G,T,SJDES001-R,WGS,ENST00000339865.5:c.2569G>T,p.Asp857Tyr,p.D857Y,ENST00000339865,NM_017944.3,857.0,SJDES001,Tumor,ES,Bone Cancer,Ewing Sarcoma,3.4,4.0,Male,White/Europe,es_dfarber_broad_2014,11-11964341-G-T
USP5,12,6975147,6975147,splice_acceptor_variant,Splice_Site,SNP,G,A,SJDES001-R,WGS,ENST00000229268.8:c.2484-1G>A,,p.X828_splice,ENST00000229268,NM_001098536.1,,SJDES001,Tumor,ES,Bone Cancer,Ewing Sarcoma,3.4,4.0,Male,White/Europe,es_dfarber_broad_2014,12-6975147-G-A
ZFYVE19,15,41106191,41106191,missense_variant,Missense_Mutation,SNP,G,T,SJDES001-R,WGS,ENST00000355341.4:c.1260G>T,p.Trp420Cys,p.W420C,ENST00000355341,NM_001077268.1,420.0,SJDES001,Tumor,ES,Bone Cancer,Ewing Sarcoma,3.4,4.0,Male,White/Europe,es_dfarber_broad_2014,15-41106191-G-T
ZNF626,19,20808087,20808087,missense_variant,Missense_Mutation,SNP,T,C,SJDES001-R,WGS,ENST00000601440.1:c.596A>G,p.Lys199Arg,p.K199R,ENST00000601440,NM_001076675.2,199.0,SJDES001,Tumor,ES,Bone Cancer,Ewing Sarcoma,3.4,4.0,Male,White/Europe,es_dfarber_broad_2014,19-20808087-T-C
ANK1,8,41591535,41591535,missense_variant,Missense_Mutation,SNP,A,G,SJDES007-R1,WGS,ENST00000265709.8:c.281T>C,p.Val94Ala,p.V94A,ENST00000265709,NM_001142446.1,94.0,SJDES007,Tumor,ES,Bone Cancer,Ewing Sarcoma,2.83333333333,17.0,Male,White/Latin America,es_dfarber_broad_2014,8-41591535-A-G
CAPS,19,5914726,5914726,missense_variant,Missense_Mutation,SNP,T,C,SJDES007-R1,WGS,ENST00000222125.5:c.236T>C,p.Leu79Pro,p.L79P,ENST00000222125,NM_004058.3,79.0,SJDES007,Tumor,ES,Bone Cancer,Ewing Sarcoma,2.83333333333,17.0,Male,White/Latin America,es_dfarber_broad_2014,19-5914726-T-C
CEP97,3,101476500,101476500,synonymous_variant,Silent,SNP,T,G,SJDES007-R1,WGS,ENST00000341893.3:c.1050T>G,p.Ser350=,p.S350=,ENST00000341893,,350.0,SJDES007,Tumor,ES,Bone Cancer,Ewing Sarcoma,2.83333333333,17.0,Male,White/Latin America,es_dfarber_broad_2014,3-101476500-T-G
COLEC12,18,346869,346869,synonymous_variant,Silent,SNP,G,C,SJDES007-R1,WGS,ENST00000400256.3:c.753C>G,p.Ala251=,p.A251=,ENST00000400256,NM_130386.2,251.0,SJDES007,Tumor,ES,Bone Cancer,Ewing Sarcoma,2.83333333333,17.0,Male,White/Latin America,es_dfarber_broad_2014,18-346869-G-C
DENND5B,12,31545312,31545312,missense_variant,Missense_Mutation,SNP,C,T,SJDES007-R1,WGS,ENST00000389082.5:c.3355G>A,p.Val1119Met,p.V1119M,ENST00000389082,NM_144973.3,1119.0,SJDES007,Tumor,ES,Bone Cancer,Ewing Sarcoma,2.83333333333,17.0,Male,White/Latin America,es_dfarber_broad_2014,12-31545312-C-T
DNAH11,7,21630856,21630856,synonymous_variant,Silent,SNP,G,A,SJDES007-R1,WGS,ENST00000328843.6:c.2328G>A,p.Thr776=,p.T776=,ENST00000328843,,776.0,SJDES007,Tumor,ES,Bone Cancer,Ewing Sarcoma,2.83333333333,17.0,Male,White/Latin America,es_dfarber_broad_2014,7-21630856-G-A
DNAH5,5,13692190,13692190,missense_variant,Missense_Mutation,SNP,G,A,SJDES007-R1,WGS,ENST00000265104.4:c.13778C>T,p.Thr4593Met,p.T4593M,ENST00000265104,NM_001369.2,4593.0,SJDES007,Tumor,ES,Bone Cancer,Ewing Sarcoma,2.83333333333,17.0,Male,White/Latin America,es_dfarber_broad_2014,5-13692190-G-A
EGFR,7,55259437,55259437,missense_variant,Missense_Mutation,SNP,G,A,SJDES007-R1,WGS,ENST00000275493.2:c.2495G>A,p.Arg832His,p.R832H,ENST00000275493,NM_005228.3,832.0,SJDES007,Tumor,ES,Bone Cancer,Ewing Sarcoma,2.83333333333,17.0,Male,White/Latin America,es_dfarber_broad_2014,7-55259437-G-A
FLRT2,14,86089569,86089569,missense_variant,Missense_Mutation,SNP,C,T,SJDES007-R1,WGS,ENST00000330753.4:c.1711C>T,p.Arg571Cys,p.R571C,ENST00000330753,NM_013231.4,571.0,SJDES007,Tumor,ES,Bone Cancer,Ewing Sarcoma,2.83333333333,17.0,Male,White/Latin America,es_dfarber_broad_2014,14-86089569-C-T
HABP2,10,115343984,115343984,missense_variant,Missense_Mutation,SNP,G,T,SJDES007-R1,WGS,ENST00000351270.3:c.1315G>T,p.Gly439Trp,p.G439W,ENST00000351270,NM_004132.3,439.0,SJDES007,Tumor,ES,Bone Cancer,Ewing Sarcoma,2.83333333333,17.0,Male,White/Latin America,es_dfarber_broad_2014,10-115343984-G-T
IQCF2,3,51897070,51897070,missense_variant,Missense_Mutation,SNP,G,A,SJDES007-R1,WGS,ENST00000333127.3:c.179G>A,p.Arg60His,p.R60H,ENST00000333127,NM_203424.1,60.0,SJDES007,Tumor,ES,Bone Cancer,Ewing Sarcoma,2.83333333333,17.0,Male,White/Latin America,es_dfarber_broad_2014,3-51897070-G-A
KRT73,12,53002130,53002130,stop_gained,Nonsense_Mutation,SNP,G,T,SJDES007-R1,WGS,ENST00000305748.3:c.1473C>A,p.Tyr491Ter,p.Y491*,ENST00000305748,NM_175068.2,491.0,SJDES007,Tumor,ES,Bone Cancer,Ewing Sarcoma,2.83333333333,17.0,Male,White/Latin America,es_dfarber_broad_2014,12-53002130-G-T
LRRC4,7,127668811,127668811,missense_variant,Missense_Mutation,SNP,T,C,SJDES007-R1,WGS,ENST00000249363.3:c.1883A>G,p.His628Arg,p.H628R,ENST00000249363,NM_022143.4,628.0,SJDES007,Tumor,ES,Bone Cancer,Ewing Sarcoma,2.83333333333,17.0,Male,White/Latin America,es_dfarber_broad_2014,7-127668811-T-C
MED8,1,43852616,43852616,missense_variant,Missense_Mutation,SNP,A,C,SJDES007-R1,WGS,ENST00000290663.6:c.324T>G,p.His108Gln,p.H108Q,ENST00000290663,NM_052877.4,108.0,SJDES007,Tumor,ES,Bone Cancer,Ewing Sarcoma,2.83333333333,17.0,Male,White/Latin America,es_dfarber_broad_2014,1-43852616-A-C
NAV2,11,19970439,19970439,missense_variant,Missense_Mutation,SNP,C,T,SJDES007-R1,WGS,ENST00000396087.3:c.2527C>T,p.Arg843Cys,p.R843C,ENST00000396087,NM_001244963.1,843.0,SJDES007,Tumor,ES,Bone Cancer,Ewing Sarcoma,2.83333333333,17.0,Male,White/Latin America,es_dfarber_broad_2014,11-19970439-C-T
PCDHB7,5,140553607,140553607,synonymous_variant,Silent,SNP,C,T,SJDES007-R1,WGS,ENST00000231137.3:c.1191C>T,p.Val397=,p.V397=,ENST00000231137,NM_018940.2,397.0,SJDES007,Tumor,ES,Bone Cancer,Ewing Sarcoma,2.83333333333,17.0,Male,White/Latin America,es_dfarber_broad_2014,5-140553607-C-T
SAGE1,X,134987410,134987410,splice_acceptor_variant,Splice_Site,SNP,G,C,SJDES007-R1,WGS,ENST00000535938.1:c.314-1G>C,,p.X105_splice,ENST00000535938,NM_018666.2,,SJDES007,Tumor,ES,Bone Cancer,Ewing Sarcoma,2.83333333333,17.0,Male,White/Latin America,es_dfarber_broad_2014,X-134987410-G-C
SCPEP1,17,55068466,55068466,missense_variant,Missense_Mutation,SNP,C,G,SJDES007-R1,WGS,ENST00000262288.3:c.553C>G,p.Gln185Glu,p.Q185E,ENST00000262288,NM_021626.2,185.0,SJDES007,Tumor,ES,Bone Cancer,Ewing Sarcoma,2.83333333333,17.0,Male,White/Latin America,es_dfarber_broad_2014,17-55068466-C-G
SLC34A2,4,25678117,25678117,missense_variant,Missense_Mutation,SNP,G,A,SJDES007-R1,WGS,ENST00000382051.3:c.1819G>A,p.Val607Ile,p.V607I,ENST00000382051,NM_006424.2,607.0,SJDES007,Tumor,ES,Bone Cancer,Ewing Sarcoma,2.83333333333,17.0,Male,White/Latin America,es_dfarber_broad_2014,4-25678117-G-A
SMO,7,128846387,128846387,missense_variant,Missense_Mutation,SNP,T,C,SJDES007-R1,WGS,ENST00000249373.3:c.1223T>C,p.Ile408Thr,p.I408T,ENST00000249373,NM_005631.4,408.0,SJDES007,Tumor,ES,Bone Cancer,Ewing Sarcoma,2.83333333333,17.0,Male,White/Latin America,es_dfarber_broad_2014,7-128846387-T-C
SNTB1,8,121587389,121587392,frameshift_variant,Frame_Shift_Del,DEL,CTGT,-,SJDES007-R1,WGS,ENST00000395601.3:c.1070_1073del,p.Asp357AlafsTer71,p.D357Afs*71,ENST00000395601,NM_021021.3,357.0,SJDES007,Tumor,ES,Bone Cancer,Ewing Sarcoma,2.83333333333,17.0,Male,White/Latin America,es_dfarber_broad_2014,8-121587389-CTGT--
TIGD7,16,3350472,3350472,frameshift_variant,Frame_Shift_Del,DEL,T,-,SJDES007-R1,WGS,ENST00000396862.1:c.143delA,p.Asn48IlefsTer4,p.N48Ifs*4,ENST00000396862,NM_033208.3,48.0,SJDES007,Tumor,ES,Bone Cancer,Ewing Sarcoma,2.83333333333,17.0,Male,White/Latin America,es_dfarber_broad_2014,16-3350472-T--
TMEM132B,12,126138202,126138202,stop_gained,Nonsense_Mutation,SNP,C,G,SJDES007-R1,WGS,ENST00000299308.3:c.2183C>G,p.Ser728Ter,p.S728*,ENST00000299308,NM_052907.2,728.0,SJDES007,Tumor,ES,Bone Cancer,Ewing Sarcoma,2.83333333333,17.0,Male,White/Latin America,es_dfarber_broad_2014,12-126138202-C-G
TP53,17,7578403,7578403,missense_variant,Missense_Mutation,SNP,C,A,SJDES007-R1,WGS,ENST00000269305.4:c.527G>T,p.Cys176Phe,p.C176F,ENST00000269305,NM_001126112.2,176.0,SJDES007,Tumor,ES,Bone Cancer,Ewing Sarcoma,2.83333333333,17.0,Male,White/Latin America,es_dfarber_broad_2014,17-7578403-C-A
WSB2,12,118481007,118481007,missense_variant,Missense_Mutation,SNP,C,T,SJDES007-R1,WGS,ENST00000315436.3:c.358G>A,p.Asp120Asn,p.D120N,ENST00000315436,NM_018639.4,120.0,SJDES007,Tumor,ES,Bone Cancer,Ewing Sarcoma,2.83333333333,17.0,Male,White/Latin America,es_dfarber_broad_2014,12-118481007-C-T
ACVR2A,2,148657049,148657049,missense_variant,Missense_Mutation,SNP,G,C,SJDES018-R,WGS,ENST00000241416.7:c.286G>C,p.Asp96His,p.D96H,ENST00000241416,NM_001616.4,96.0,SJDES018,Tumor,ES,Bone Cancer,Ewing Sarcoma,3.33333333333,1.5,Female,White/Europe,es_dfarber_broad_2014,2-148657049-G-C
AKAP9,7,91631456,91631456,missense_variant,Missense_Mutation,SNP,A,G,SJDES018-R,WGS,ENST00000356239.3:c.2225A>G,p.Glu742Gly,p.E742G,ENST00000356239,NM_147185.2,742.0,SJDES018,Tumor,ES,Bone Cancer,Ewing Sarcoma,3.33333333333,1.5,Female,White/Europe,es_dfarber_broad_2014,7-91631456-A-G
BAT2L2,1,171553134,171553134,synonymous_variant,Silent,SNP,A,G,SJDES018-R,WGS,ENST00000338920.4:c.7443A>G,p.Pro2481=,p.P2481=,ENST00000338920,NM_015172.3,2481.0,SJDES018,Tumor,ES,Bone Cancer,Ewing Sarcoma,3.33333333333,1.5,Female,White/Europe,es_dfarber_broad_2014,1-171553134-A-G
CEP152,15,49054758,49054758,missense_variant,Missense_Mutation,SNP,C,T,SJDES018-R,WGS,ENST00000380950.2:c.2392G>A,p.Val798Ile,p.V798I,ENST00000380950,NM_001194998.1,798.0,SJDES018,Tumor,ES,Bone Cancer,Ewing Sarcoma,3.33333333333,1.5,Female,White/Europe,es_dfarber_broad_2014,15-49054758-C-T
COL23A1,5,177675228,177675228,missense_variant,Missense_Mutation,SNP,C,T,SJDES018-R,WGS,ENST00000390654.3:c.1177G>A,p.Gly393Arg,p.G393R,ENST00000390654,NM_173465.3,393.0,SJDES018,Tumor,ES,Bone Cancer,Ewing Sarcoma,3.33333333333,1.5,Female,White/Europe,es_dfarber_broad_2014,5-177675228-C-T
COL27A1,9,116930786,116930786,synonymous_variant,Silent,SNP,A,T,SJDES018-R,WGS,ENST00000356083.3:c.951A>T,p.Pro317=,p.P317=,ENST00000356083,NM_032888.2,317.0,SJDES018,Tumor,ES,Bone Cancer,Ewing Sarcoma,3.33333333333,1.5,Female,White/Europe,es_dfarber_broad_2014,9-116930786-A-T
CSMD2,1,34006866,34006866,"synonymous_variant,NMD_transcript_variant",Silent,SNP,C,A,SJDES018-R,WGS,ENST00000241312.4:c.8889G>T,p.Arg2963=,p.R2963=,ENST00000241312,,2963.0,SJDES018,Tumor,ES,Bone Cancer,Ewing Sarcoma,3.33333333333,1.5,Female,White/Europe,es_dfarber_broad_2014,1-34006866-C-A
CXCR3,X,70837276,70837276,missense_variant,Missense_Mutation,SNP,C,T,SJDES018-R,WGS,ENST00000373691.4:c.187G>A,p.Val63Ile,p.V63I,ENST00000373691,NM_001142797.1,63.0,SJDES018,Tumor,ES,Bone Cancer,Ewing Sarcoma,3.33333333333,1.5,Female,White/Europe,es_dfarber_broad_2014,X-70837276-C-T
CYP2A7,19,41386514,41386514,synonymous_variant,Silent,SNP,C,T,SJDES018-R,WGS,ENST00000301146.4:c.363G>A,p.Gly121=,p.G121=,ENST00000301146,NM_000764.2,121.0,SJDES018,Tumor,ES,Bone Cancer,Ewing Sarcoma,3.33333333333,1.5,Female,White/Europe,es_dfarber_broad_2014,19-41386514-C-T
ENC1,5,73931203,73931203,missense_variant,Missense_Mutation,SNP,T,G,SJDES018-R,WGS,ENST00000302351.4:c.1108A>C,p.Lys370Gln,p.K370Q,ENST00000302351,NM_003633.3,370.0,SJDES018,Tumor,ES,Bone Cancer,Ewing Sarcoma,3.33333333333,1.5,Female,White/Europe,es_dfarber_broad_2014,5-73931203-T-G
IL18RAP,2,103040747,103040747,missense_variant,Missense_Mutation,SNP,C,A,SJDES018-R,WGS,ENST00000264260.2:c.452C>A,p.Thr151Lys,p.T151K,ENST00000264260,NM_003853.2,151.0,SJDES018,Tumor,ES,Bone Cancer,Ewing Sarcoma,3.33333333333,1.5,Female,White/Europe,es_dfarber_broad_2014,2-103040747-C-A
KDM4C,9,6880055,6880055,missense_variant,Missense_Mutation,SNP,G,A,SJDES018-R,WGS,ENST00000381309.3:c.673G>A,p.Ala225Thr,p.A225T,ENST00000381309,NM_015061.3,225.0,SJDES018,Tumor,ES,Bone Cancer,Ewing Sarcoma,3.33333333333,1.5,Female,White/Europe,es_dfarber_broad_2014,9-6880055-G-A
LRCH3,3,197557735,197557735,splice_donor_variant,Splice_Site,SNP,G,A,SJDES018-R,WGS,ENST00000334859.4:c.981+1G>A,,p.X327_splice,ENST00000334859,NM_032773.2,,SJDES018,Tumor,ES,Bone Cancer,Ewing Sarcoma,3.33333333333,1.5,Female,White/Europe,es_dfarber_broad_2014,3-197557735-G-A
MEP1B,18,29793459,29793459,missense_variant,Missense_Mutation,SNP,C,G,SJDES018-R,WGS,ENST00000269202.6:c.1516C>G,p.Pro506Ala,p.P506A,ENST00000269202,NM_005925.2,506.0,SJDES018,Tumor,ES,Bone Cancer,Ewing Sarcoma,3.33333333333,1.5,Female,White/Europe,es_dfarber_broad_2014,18-29793459-C-G
MSLNL,16,830144,830144,frameshift_variant,Frame_Shift_Del,DEL,C,-,SJDES018-R,WGS,ENST00000293892.3:c.857del,p.Gly286AlafsTer60,p.G286Afs*60,ENST00000293892,,286.0,SJDES018,Tumor,ES,Bone Cancer,Ewing Sarcoma,3.33333333333,1.5,Female,White/Europe,es_dfarber_broad_2014,16-830144-C--
MUC16,19,9074808,9074808,missense_variant,Missense_Mutation,SNP,G,A,SJDES018-R,WGS,ENST00000397910.4:c.12638C>T,p.Pro4213Leu,p.P4213L,ENST00000397910,NM_024690.2,4213.0,SJDES018,Tumor,ES,Bone Cancer,Ewing Sarcoma,3.33333333333,1.5,Female,White/Europe,es_dfarber_broad_2014,19-9074808-G-A
MYH1,17,10399669,10399669,synonymous_variant,Silent,SNP,G,A,SJDES018-R,WGS,ENST00000226207.5:c.4854C>T,p.Leu1618=,p.L1618=,ENST00000226207,NM_005963.3,1618.0,SJDES018,Tumor,ES,Bone Cancer,Ewing Sarcoma,3.33333333333,1.5,Female,White/Europe,es_dfarber_broad_2014,17-10399669-G-A
MYH1,17,10400733,10400733,missense_variant,Missense_Mutation,SNP,G,A,SJDES018-R,WGS,ENST00000226207.5:c.4402C>T,p.His1468Tyr,p.H1468Y,ENST00000226207,NM_005963.3,1468.0,SJDES018,Tumor,ES,Bone Cancer,Ewing Sarcoma,3.33333333333,1.5,Female,White/Europe,es_dfarber_broad_2014,17-10400733-G-A
OR51B2,11,5345169,5345169,missense_variant,Missense_Mutation,SNP,C,T,SJDES018-R,WGS,ENST00000328813.2:c.359G>A,p.Cys120Tyr,p.C120Y,ENST00000328813,NM_033180.4,120.0,SJDES018,Tumor,ES,Bone Cancer,Ewing Sarcoma,3.33333333333,1.5,Female,White/Europe,es_dfarber_broad_2014,11-5345169-C-T
PCSK5,9,78789990,78789990,missense_variant,Missense_Mutation,SNP,C,A,SJDES018-R,WGS,ENST00000545128.1:c.1845C>A,p.Phe615Leu,p.F615L,ENST00000545128,NM_001190482.1,615.0,SJDES018,Tumor,ES,Bone Cancer,Ewing Sarcoma,3.33333333333,1.5,Female,White/Europe,es_dfarber_broad_2014,9-78789990-C-A
PHACTR3,20,58349462,58349462,missense_variant,Missense_Mutation,SNP,A,G,SJDES018-R,WGS,ENST00000371015.1:c.1091A>G,p.Glu364Gly,p.E364G,ENST00000371015,NM_080672.4,364.0,SJDES018,Tumor,ES,Bone Cancer,Ewing Sarcoma,3.33333333333,1.5,Female,White/Europe,es_dfarber_broad_2014,20-58349462-A-G
PTPN7,1,202121676,202121676,missense_variant,Missense_Mutation,SNP,T,C,SJDES018-R,WGS,ENST00000309017.3:c.1184A>G,p.His395Arg,p.H395R,ENST00000309017,NM_001199797.1,395.0,SJDES018,Tumor,ES,Bone Cancer,Ewing Sarcoma,3.33333333333,1.5,Female,White/Europe,es_dfarber_broad_2014,1-202121676-T-C
PTPRC,1,198721869,198721869,synonymous_variant,Silent,SNP,T,C,SJDES018-R,WGS,ENST00000442510.2:c.3477T>C,p.His1159=,p.H1159=,ENST00000442510,,1159.0,SJDES018,Tumor,ES,Bone Cancer,Ewing Sarcoma,3.33333333333,1.5,Female,White/Europe,es_dfarber_broad_2014,1-198721869-T-C
RSPO2,8,109001302,109001302,missense_variant,Missense_Mutation,SNP,C,A,SJDES018-R,WGS,ENST00000276659.5:c.265G>T,p.Asp89Tyr,p.D89Y,ENST00000276659,NM_178565.4,89.0,SJDES018,Tumor,ES,Bone Cancer,Ewing Sarcoma,3.33333333333,1.5,Female,White/Europe,es_dfarber_broad_2014,8-109001302-C-A
S100A7A,1,153390654,153390654,synonymous_variant,Silent,SNP,G,T,SJDES018-R,WGS,ENST00000368729.4:c.96G>T,p.Leu32=,p.L32=,ENST00000368729,NM_176823.3,32.0,SJDES018,Tumor,ES,Bone Cancer,Ewing Sarcoma,3.33333333333,1.5,Female,White/Europe,es_dfarber_broad_2014,1-153390654-G-T
SDR39U1,14,24910094,24910094,missense_variant,Missense_Mutation,SNP,C,T,SJDES018-R,WGS,ENST00000399395.3:c.367G>A,p.Asp123Asn,p.D123N,ENST00000399395,NM_020195.2,123.0,SJDES018,Tumor,ES,Bone Cancer,Ewing Sarcoma,3.33333333333,1.5,Female,White/Europe,es_dfarber_broad_2014,14-24910094-C-T
SKIC2,6,31927164,31927164,missense_variant,Missense_Mutation,SNP,C,T,SJDES018-R,WGS,ENST00000375394.2:c.113C>T,p.Ala38Val,p.A38V,ENST00000375394,NM_006929.4,38.0,SJDES018,Tumor,ES,Bone Cancer,Ewing Sarcoma,3.33333333333,1.5,Female,White/Europe,es_dfarber_broad_2014,6-31927164-C-T
SLC13A1,7,122821044,122821044,missense_variant,Missense_Mutation,SNP,T,C,SJDES018-R,WGS,ENST00000194130.2:c.211A>G,p.Ile71Val,p.I71V,ENST00000194130,NM_022444.3,71.0,SJDES018,Tumor,ES,Bone Cancer,Ewing Sarcoma,3.33333333333,1.5,Female,White/Europe,es_dfarber_broad_2014,7-122821044-T-C
SLC26A8,6,35911729,35911729,missense_variant,Missense_Mutation,SNP,C,T,SJDES018-R,WGS,ENST00000490799.1:c.2861G>A,p.Arg954His,p.R954H,ENST00000490799,NM_052961.3,954.0,SJDES018,Tumor,ES,Bone Cancer,Ewing Sarcoma,3.33333333333,1.5,Female,White/Europe,es_dfarber_broad_2014,6-35911729-C-T
STAG2,X,123176418,123176418,splice_acceptor_variant,Splice_Site,SNP,G,A,SJDES018-R,WGS,ENST00000218089.9:c.386-1G>A,,p.X129_splice,ENST00000218089,NM_001042749.1,,SJDES018,Tumor,ES,Bone Cancer,Ewing Sarcoma,3.33333333333,1.5,Female,White/Europe,es_dfarber_broad_2014,X-123176418-G-A
TANK,2,162087849,162087849,missense_variant,Missense_Mutation,SNP,A,G,SJDES018-R,WGS,ENST00000392749.2:c.888A>G,p.Ile296Met,p.I296M,ENST00000392749,NM_001199135.1,296.0,SJDES018,Tumor,ES,Bone Cancer,Ewing Sarcoma,3.33333333333,1.5,Female,White/Europe,es_dfarber_broad_2014,2-162087849-A-G
TOP3A,17,18186030,18186030,missense_variant,Missense_Mutation,SNP,T,C,SJDES018-R,WGS,ENST00000321105.5:c.2003A>G,p.Lys668Arg,p.K668R,ENST00000321105,NM_004618.3,668.0,SJDES018,Tumor,ES,Bone Cancer,Ewing Sarcoma,3.33333333333,1.5,Female,White/Europe,es_dfarber_broad_2014,17-18186030-T-C
TP53,17,7578406,7578406,missense_variant,Missense_Mutation,SNP,C,T,SJDES018-R,WGS,ENST00000269305.4:c.524G>A,p.Arg175His,p.R175H,ENST00000269305,NM_001126112.2,175.0,SJDES018,Tumor,ES,Bone Cancer,Ewing Sarcoma,3.33333333333,1.5,Female,White/Europe,es_dfarber_broad_2014,17-7578406-C-T
VPS16,20,2840925,2840925,missense_variant,Missense_Mutation,SNP,A,C,SJDES018-R,WGS,ENST00000380445.3:c.281A>C,p.Glu94Ala,p.E94A,ENST00000380445,NM_022575.2,94.0,SJDES018,Tumor,ES,Bone Cancer,Ewing Sarcoma,3.33333333333,1.5,Female,White/Europe,es_dfarber_broad_2014,20-2840925-A-C
WDR35,2,20130303,20130303,missense_variant,Missense_Mutation,SNP,G,T,SJDES018-R,WGS,ENST00000345530.3:c.3008C>A,p.Ala1003Asp,p.A1003D,ENST00000345530,NM_001006657.1,1003.0,SJDES018,Tumor,ES,Bone Cancer,Ewing Sarcoma,3.33333333333,1.5,Female,White/Europe,es_dfarber_broad_2014,2-20130303-G-T
ZNF280B,22,22842262,22842262,missense_variant,Missense_Mutation,SNP,T,C,SJDES018-R,WGS,ENST00000360412.2:c.1462A>G,p.Lys488Glu,p.K488E,ENST00000360412,NM_080764.2,488.0,SJDES018,Tumor,ES,Bone Cancer,Ewing Sarcoma,3.33333333333,1.5,Female,White/Europe,es_dfarber_broad_2014,22-22842262-T-C
ZNF397OS,18,32833451,32833451,missense_variant,Missense_Mutation,SNP,C,T,SJDES018-R,WGS,ENST00000420878.3:c.1448G>A,p.Gly483Asp,p.G483D,ENST00000420878,NM_001166012.1,483.0,SJDES018,Tumor,ES,Bone Cancer,Ewing Sarcoma,3.33333333333,1.5,Female,White/Europe,es_dfarber_broad_2014,18-32833451-C-T
ETFDH,4,159603535,159603535,missense_variant,Missense_Mutation,SNP,G,C,SJDES004-R,WXS,ENST00000511912.1:c.364G>C,p.Gly122Arg,p.G122R,ENST00000511912,NM_004453.2,122.0,SJDES004,Tumor,ES,Bone Cancer,Ewing Sarcoma,1.73333333333,15.0,Male,White/Europe,es_dfarber_broad_2014,4-159603535-G-C
GJB4,1,35227334,35227334,missense_variant,Missense_Mutation,SNP,G,A,SJDES004-R,WXS,ENST00000339480.1:c.479G>A,p.Arg160His,p.R160H,ENST00000339480,NM_153212.2,160.0,SJDES004,Tumor,ES,Bone Cancer,Ewing Sarcoma,1.73333333333,15.0,Male,White/Europe,es_dfarber_broad_2014,1-35227334-G-A
MUC5B,11,1272679,1272679,missense_variant,Missense_Mutation,SNP,G,A,SJDES004-R,WXS,ENST00000529681.1:c.14569G>A,p.Val4857Met,p.V4857M,ENST00000529681,NM_002458.2,4857.0,SJDES004,Tumor,ES,Bone Cancer,Ewing Sarcoma,1.73333333333,15.0,Male,White/Europe,es_dfarber_broad_2014,11-1272679-G-A
PCDHAC1,5,140307515,140307515,synonymous_variant,Silent,SNP,G,A,SJDES004-R,WXS,ENST00000253807.2:c.1038G>A,p.Ser346=,p.S346=,ENST00000253807,NM_018898.3,346.0,SJDES004,Tumor,ES,Bone Cancer,Ewing Sarcoma,1.73333333333,15.0,Male,White/Europe,es_dfarber_broad_2014,5-140307515-G-A
YAP1,11,102080254,102080254,missense_variant,Missense_Mutation,SNP,C,T,SJDES004-R,WXS,ENST00000282441.5:c.991C>T,p.Arg331Trp,p.R331W,ENST00000282441,NM_001130145.2,331.0,SJDES004,Tumor,ES,Bone Cancer,Ewing Sarcoma,1.73333333333,15.0,Male,White/Europe,es_dfarber_broad_2014,11-102080254-C-T
DNAH5,5,13692190,13692190,missense_variant,Missense_Mutation,SNP,G,A,SJDES007-R2,WXS,ENST00000265104.4:c.13778C>T,p.Thr4593Met,p.T4593M,ENST00000265104,NM_001369.2,4593.0,SJDES007,Tumor,ES,Bone Cancer,Ewing Sarcoma,2.26666666667,17.0,Male,White/Latin America,es_dfarber_broad_2014,5-13692190-G-A
TIGD7,16,3350472,3350472,frameshift_variant,Frame_Shift_Del,DEL,T,-,SJDES007-R2,WXS,ENST00000396862.1:c.143delA,p.Asn48IlefsTer4,p.N48Ifs*4,ENST00000396862,NM_033208.3,48.0,SJDES007,Tumor,ES,Bone Cancer,Ewing Sarcoma,2.26666666667,17.0,Male,White/Latin America,es_dfarber_broad_2014,16-3350472-T--
WSB2,12,118481007,118481007,missense_variant,Missense_Mutation,SNP,C,T,SJDES007-R2,WXS,ENST00000315436.3:c.358G>A,p.Asp120Asn,p.D120N,ENST00000315436,NM_018639.4,120.0,SJDES007,Tumor,ES,Bone Cancer,Ewing Sarcoma,2.26666666667,17.0,Male,White/Latin America,es_dfarber_broad_2014,12-118481007-C-T
ADAM21,14,70924310,70924310,missense_variant,Missense_Mutation,SNP,G,T,SJDES016-R,WXS,ENST00000603540.1:c.94G>T,p.Gly32Trp,p.G32W,ENST00000603540,NM_003813.3,32.0,SJDES016,Tumor,ES,Bone Cancer,Ewing Sarcoma,0.866666666667,18.0,Female,White/Europe,es_dfarber_broad_2014,14-70924310-G-T
ADAMTS5,21,28307044,28307044,missense_variant,Missense_Mutation,SNP,C,T,SJDES016-R,WXS,ENST00000284987.5:c.1430G>A,p.Arg477Gln,p.R477Q,ENST00000284987,NM_007038.3,477.0,SJDES016,Tumor,ES,Bone Cancer,Ewing Sarcoma,0.866666666667,18.0,Female,White/Europe,es_dfarber_broad_2014,21-28307044-C-T
CACNA1E,1,181727175,181727175,missense_variant,Missense_Mutation,SNP,T,G,SJDES016-R,WXS,ENST00000367573.2:c.4422T>G,p.Phe1474Leu,p.F1474L,ENST00000367573,NM_001205293.1,1474.0,SJDES016,Tumor,ES,Bone Cancer,Ewing Sarcoma,0.866666666667,18.0,Female,White/Europe,es_dfarber_broad_2014,1-181727175-T-G
EIF4G2,11,10825930,10825930,missense_variant,Missense_Mutation,SNP,G,C,SJDES016-R,WXS,ENST00000526148.1:c.387C>G,p.Ser129Arg,p.S129R,ENST00000526148,NM_001172705.1,129.0,SJDES016,Tumor,ES,Bone Cancer,Ewing Sarcoma,0.866666666667,18.0,Female,White/Europe,es_dfarber_broad_2014,11-10825930-G-C
FBN2,5,127641585,127641585,synonymous_variant,Silent,SNP,G,A,SJDES016-R,WXS,ENST00000508053.1:c.5478C>T,p.Asn1826=,p.N1826=,ENST00000508053,,1826.0,SJDES016,Tumor,ES,Bone Cancer,Ewing Sarcoma,0.866666666667,18.0,Female,White/Europe,es_dfarber_broad_2014,5-127641585-G-A
LMAN1L,15,75105267,75105267,synonymous_variant,Silent,SNP,G,A,SJDES016-R,WXS,ENST00000309664.5:c.72G>A,p.Glu24=,p.E24=,ENST00000309664,NM_021819.2,24.0,SJDES016,Tumor,ES,Bone Cancer,Ewing Sarcoma,0.866666666667,18.0,Female,White/Europe,es_dfarber_broad_2014,15-75105267-G-A
LMNB2,19,2433882,2433882,missense_variant,Missense_Mutation,SNP,C,T,SJDES016-R,WXS,ENST00000325327.3:c.1424G>A,p.Ser475Asn,p.S475N,ENST00000325327,,475.0,SJDES016,Tumor,ES,Bone Cancer,Ewing Sarcoma,0.866666666667,18.0,Female,White/Europe,es_dfarber_broad_2014,19-2433882-C-T
OR4K5,14,20389282,20389282,missense_variant,Missense_Mutation,SNP,G,A,SJDES016-R,WXS,ENST00000315915.4:c.517G>A,p.Val173Ile,p.V173I,ENST00000315915,NM_001005483.1,173.0,SJDES016,Tumor,ES,Bone Cancer,Ewing Sarcoma,0.866666666667,18.0,Female,White/Europe,es_dfarber_broad_2014,14-20389282-G-A
TIE1,1,43770991,43770991,missense_variant,Missense_Mutation,SNP,C,T,SJDES016-R,WXS,ENST00000372476.3:c.461C>T,p.Thr154Ile,p.T154I,ENST00000372476,NM_005424.4,154.0,SJDES016,Tumor,ES,Bone Cancer,Ewing Sarcoma,0.866666666667,18.0,Female,White/Europe,es_dfarber_broad_2014,1-43770991-C-T
TRIM32,9,119460959,119460959,missense_variant,Missense_Mutation,SNP,C,T,SJDES016-R,WXS,ENST00000450136.1:c.938C>T,p.Ala313Val,p.A313V,ENST00000450136,NM_012210.3,313.0,SJDES016,Tumor,ES,Bone Cancer,Ewing Sarcoma,0.866666666667,18.0,Female,White/Europe,es_dfarber_broad_2014,9-119460959-C-T
PALM2AKAP2,9,112899262,112899262,missense_variant,Missense_Mutation,SNP,A,G,03-P152,WXS,ENST00000374530.3:c.1438A>G,p.Thr480Ala,p.T480A,ENST00000374530,NM_007203.4,480.0,03-P152,Tumor,ES,Bone Cancer,Ewing Sarcoma,1.56666666667,No_Data,Male,No_Data,es_dfarber_broad_2014,9-112899262-A-G
FGD1,X,54475299,54475299,No_Data,Silent,SNP,C,A,SJDES014-R1,WXS,,,,,,,SJDES014,Tumor,ES,Bone Cancer,Ewing Sarcoma,1.03333333333,0.5,Female,White/Europe,es_dfarber_broad_2014,X-54475299-C-A
GABBR2,9,101304188,101304188,synonymous_variant,Silent,SNP,G,A,SJDES001-R,WXS,ENST00000259455.2:c.597C>T,p.Gly199=,p.G199=,ENST00000259455,NM_005458.7,199.0,SJDES001,Tumor,ES,Bone Cancer,Ewing Sarcoma,3.4,4.0,Male,White/Europe,es_dfarber_broad_2014,9-101304188-G-A
OTC,X,38260612,38260612,No_Data,Silent,SNP,C,T,SJDES015,WXS,,,,,,,SJDES015,Tumor,ES,Bone Cancer,Ewing Sarcoma,0.333333333333,8.0,Female,White/Europe,es_dfarber_broad_2014,X-38260612-C-T
SAGE1,X,134987410,134987410,splice_acceptor_variant,Splice_Site,SNP,G,C,SJDES007-R1,WXS,ENST00000535938.1:c.314-1G>C,,p.X105_splice,ENST00000535938,NM_018666.2,105.0,SJDES007,Tumor,ES,Bone Cancer,Ewing Sarcoma,2.83333333333,17.0,Male,White/Latin America,es_dfarber_broad_2014,X-134987410-G-C
STAG2,X,123202412,123202412,splice_acceptor_variant,Splice_Site,SNP,A,G,SJDES007-R1,WXS,ENST00000218089.9:c.2266-2A>G,,p.X756_splice,ENST00000218089,NM_001042749.1,756.0,SJDES007,Tumor,ES,Bone Cancer,Ewing Sarcoma,2.83333333333,17.0,Male,White/Latin America,es_dfarber_broad_2014,X-123202412-A-G
STAG2,X,123176418,123176418,splice_acceptor_variant,Splice_Site,SNP,G,A,SJDES018-R,WXS,ENST00000218089.9:c.386-1G>A,,p.X129_splice,ENST00000218089,NM_001042749.1,129.0,SJDES018,Tumor,ES,Bone Cancer,Ewing Sarcoma,3.33333333333,1.5,Female,White/Europe,es_dfarber_broad_2014,X-123176418-G-A
