HGVSp,Hugo_Symbol,Variant_Classification,SAMPLE_ID,Consequence,Variant_Type,End_Position,Tumor_Seq_Allele2,Protein_position,RefSeq,Chromosome,Sequence_Source,Start_Position,Transcript_ID,HGVSc,Reference_Allele,HGVSp_Short,CANCER_TYPE,SAMPLE_CLASS,PATIENT_ID,TMB_NONSYNONYMOUS,ONCOTREE_CODE,AGE,SEX,ETHNICITY,STUDY_ID,temp_Gnomad_Notation,Chrom_23,Chr23_X,Chr23_Y,x_hgnc_id,y_hgnc_id,ambig_chrom,gene_hgnc_id,hgnc_id_match,Gnomad_Notation
p.Ser213Leu,CACNG3,Missense_Mutation,SJDES006,missense_variant,SNP,24372874,T,213.0,NM_006539.3,16,WGS,24372874,ENST00000005284,ENST00000005284.3:c.638C>T,C,p.S213L,Bone Cancer,Tumor,SJDES006,2.5,ES,8.0,Female,White/Europe,es_dfarber_broad_2014,16-24372874-C-T,False,False,False,no_value,no_value,non-ambiguous,untested,untested,16-24372874-C-T
p.Pro109Ala,FOXR2,Missense_Mutation,SJDES006,missense_variant,SNP,55650469,G,109.0,NM_198451.3,X,WGS,55650469,ENST00000339140,ENST00000339140.3:c.325C>G,C,p.P109A,Bone Cancer,Tumor,SJDES006,2.5,ES,8.0,Female,White/Europe,es_dfarber_broad_2014,X-55650469-C-G,False,False,False,no_value,no_value,non-ambiguous,untested,untested,X-55650469-C-G
p.Arg216Ter,STAG2,Nonsense_Mutation,SJDES006,stop_gained,SNP,123179197,T,216.0,NM_001042749.1,X,WGS,123179197,ENST00000218089,ENST00000218089.9:c.646C>T,C,p.R216*,Bone Cancer,Tumor,SJDES006,2.5,ES,8.0,Female,White/Europe,es_dfarber_broad_2014,X-123179197-C-T,False,False,False,no_value,no_value,non-ambiguous,untested,untested,X-123179197-C-T
p.Glu161Ter,ZNF335,Nonsense_Mutation,SJDES008,stop_gained,SNP,44596963,A,161.0,NM_022095.3,20,WGS,44596963,ENST00000322927,ENST00000322927.2:c.481G>T,C,p.E161*,Bone Cancer,Tumor,SJDES008,0.266666666667,ES,0.8,Male,Black/Sub-Saharan Africa,es_dfarber_broad_2014,20-44596963-C-A,False,False,False,no_value,no_value,non-ambiguous,untested,untested,20-44596963-C-A
p.Ala485Thr,CD22,Missense_Mutation,SJDES009,missense_variant,SNP,35831987,A,485.0,NM_001771.3,19,WGS,35831987,ENST00000085219,ENST00000085219.5:c.1453G>A,G,p.A485T,Bone Cancer,Tumor,SJDES009,0.233333333333,ES,5.0,Male,White/Europe,es_dfarber_broad_2014,19-35831987-G-A,False,False,False,no_value,no_value,non-ambiguous,untested,untested,19-35831987-G-A
p.Cys168Phe,GPM6B,Missense_Mutation,SJDES009,missense_variant,SNP,13801506,A,168.0,NM_001001995.1,X,WGS,13801506,ENST00000316715,ENST00000316715.4:c.503G>T,C,p.C168F,Bone Cancer,Tumor,SJDES009,0.233333333333,ES,5.0,Male,White/Europe,es_dfarber_broad_2014,X-13801506-C-A,False,False,False,no_value,no_value,non-ambiguous,untested,untested,X-13801506-C-A
p.Ile96=,SLC5A11,Silent,SJDES009,synonymous_variant,SNP,24881302,C,96.0,NM_052944.3,16,WGS,24881302,ENST00000347898,ENST00000347898.3:c.288T>C,T,p.I96=,Bone Cancer,Tumor,SJDES009,0.233333333333,ES,5.0,Male,White/Europe,es_dfarber_broad_2014,16-24881302-T-C,False,False,False,no_value,no_value,non-ambiguous,untested,untested,16-24881302-T-C
p.Ile51=,BSDC1,Silent,SJDES010,synonymous_variant,SNP,32852416,A,51.0,,1,WGS,32852416,ENST00000446293,ENST00000446293.2:c.153C>T,G,p.I51=,Bone Cancer,Tumor,SJDES010,0.333333333333,ES,9.0,Male,White/Europe,es_dfarber_broad_2014,1-32852416-G-A,False,False,False,no_value,no_value,non-ambiguous,untested,untested,1-32852416-G-A
p.Pro2807=,FAT1,Silent,SJDES010,synonymous_variant,SNP,187539319,T,2807.0,NM_005245.3,4,WGS,187539319,ENST00000441802,ENST00000441802.2:c.8421G>A,C,p.P2807=,Bone Cancer,Tumor,SJDES010,0.333333333333,ES,9.0,Male,White/Europe,es_dfarber_broad_2014,4-187539319-C-T,False,False,False,no_value,no_value,non-ambiguous,untested,untested,4-187539319-C-T
p.Glu247Ter,FCAR,Nonsense_Mutation,SJDES010,stop_gained,SNP,55401104,T,247.0,NM_002000.2,19,WGS,55401104,ENST00000355524,ENST00000355524.3:c.739G>T,G,p.E247*,Bone Cancer,Tumor,SJDES010,0.333333333333,ES,9.0,Male,White/Europe,es_dfarber_broad_2014,19-55401104-G-T,False,False,False,no_value,no_value,non-ambiguous,untested,untested,19-55401104-G-T
p.Arg313Gly,OR4C15,Missense_Mutation,SJDES010,missense_variant,SNP,55322719,G,313.0,NM_001001920.1,11,WGS,55322719,ENST00000314644,ENST00000314644.2:c.937C>G,C,p.R313G,Bone Cancer,Tumor,SJDES010,0.333333333333,ES,9.0,Male,White/Europe,es_dfarber_broad_2014,11-55322719-C-G,False,False,False,no_value,no_value,non-ambiguous,untested,untested,11-55322719-C-G
p.Ser112=,PRSS55,Silent,SJDES010,synonymous_variant,SNP,10387198,T,112.0,NM_198464.3,8,WGS,10387198,ENST00000328655,ENST00000328655.3:c.336C>T,C,p.S112=,Bone Cancer,Tumor,SJDES010,0.333333333333,ES,9.0,Male,White/Europe,es_dfarber_broad_2014,8-10387198-C-T,False,False,False,no_value,no_value,non-ambiguous,untested,untested,8-10387198-C-T
p.Leu13AlafsTer30,ZDHHC15,Frame_Shift_Ins,SJDES010,frameshift_variant,INS,74742824,C,12.0,NM_144969.2,X,WGS,74742823,ENST00000373367,ENST00000373367.3:c.36dup,-,p.L13Afs*30,Bone Cancer,Tumor,SJDES010,0.333333333333,ES,9.0,Male,White/Europe,es_dfarber_broad_2014,X-74742823---C,False,False,False,no_value,no_value,non-ambiguous,untested,untested,X-74742823---C
p.Gly66=,ADH5,Silent,SJDES001-R,synonymous_variant,SNP,100003184,C,66.0,NM_000671.3,4,WGS,100003184,ENST00000296412,ENST00000296412.8:c.198A>G,T,p.G66=,Bone Cancer,Tumor,SJDES001,3.4,ES,4.0,Male,White/Europe,es_dfarber_broad_2014,4-100003184-T-C,False,False,False,no_value,no_value,non-ambiguous,untested,untested,4-100003184-T-C
p.Gly319=,ALOXE3,Silent,SJDES001-R,synonymous_variant,SNP,8017921,A,319.0,NM_001165960.1,17,WGS,8017921,ENST00000318227,ENST00000318227.3:c.957G>T,C,p.G319=,Bone Cancer,Tumor,SJDES001,3.4,ES,4.0,Male,White/Europe,es_dfarber_broad_2014,17-8017921-C-A,False,False,False,no_value,no_value,non-ambiguous,untested,untested,17-8017921-C-A
p.Val196Leu,C7orf29,Missense_Mutation,SJDES001-R,missense_variant,SNP,150028079,C,196.0,NM_138434.2,7,WGS,150028079,ENST00000343855,ENST00000343855.4:c.586G>C,G,p.V196L,Bone Cancer,Tumor,SJDES001,3.4,ES,4.0,Male,White/Europe,es_dfarber_broad_2014,7-150028079-G-C,False,False,False,no_value,no_value,non-ambiguous,untested,untested,7-150028079-G-C
p.Ser463Asn,CCNL2,Missense_Mutation,SJDES001-R,missense_variant,SNP,1322786,T,463.0,NM_030937.4,1,WGS,1322786,ENST00000400809,ENST00000400809.3:c.1388G>A,C,p.S463N,Bone Cancer,Tumor,SJDES001,3.4,ES,4.0,Male,White/Europe,es_dfarber_broad_2014,1-1322786-C-T,False,False,False,no_value,no_value,non-ambiguous,untested,untested,1-1322786-C-T
p.His291Asp,CLK3,Missense_Mutation,SJDES001-R,missense_variant,SNP,74914518,G,291.0,NM_001130028.1,15,WGS,74914518,ENST00000395066,ENST00000395066.3:c.871C>G,C,p.H291D,Bone Cancer,Tumor,SJDES001,3.4,ES,4.0,Male,White/Europe,es_dfarber_broad_2014,15-74914518-C-G,False,False,False,no_value,no_value,non-ambiguous,untested,untested,15-74914518-C-G
p.His1156=,COL7A1,Silent,SJDES001-R,synonymous_variant,SNP,48623847,A,1156.0,NM_000094.3,3,WGS,48623847,ENST00000328333,ENST00000328333.8:c.3468C>T,G,p.H1156=,Bone Cancer,Tumor,SJDES001,3.4,ES,4.0,Male,White/Europe,es_dfarber_broad_2014,3-48623847-G-A,False,False,False,no_value,no_value,non-ambiguous,untested,untested,3-48623847-G-A
p.Lys301Arg,CYLC2,Missense_Mutation,SJDES001-R,missense_variant,SNP,105767815,G,301.0,NM_001340.3,9,WGS,105767815,ENST00000374798,ENST00000374798.3:c.902A>G,A,p.K301R,Bone Cancer,Tumor,SJDES001,3.4,ES,4.0,Male,White/Europe,es_dfarber_broad_2014,9-105767815-A-G,False,False,False,no_value,no_value,non-ambiguous,untested,untested,9-105767815-A-G
p.Gln493His,DLG4,Missense_Mutation,SJDES001-R,missense_variant,SNP,7097766,G,493.0,NM_001365.3,17,WGS,7097766,ENST00000399510,ENST00000399510.2:c.1479G>C,C,p.Q493H,Bone Cancer,Tumor,SJDES001,3.4,ES,4.0,Male,White/Europe,es_dfarber_broad_2014,17-7097766-C-G,False,False,False,no_value,no_value,non-ambiguous,untested,untested,17-7097766-C-G
p.Val224Ile,DNAJC27,Missense_Mutation,SJDES001-R,missense_variant,SNP,25174282,T,224.0,NM_016544.2,2,WGS,25174282,ENST00000264711,ENST00000264711.2:c.670G>A,C,p.V224I,Bone Cancer,Tumor,SJDES001,3.4,ES,4.0,Male,White/Europe,es_dfarber_broad_2014,2-25174282-C-T,False,False,False,no_value,no_value,non-ambiguous,untested,untested,2-25174282-C-T
p.Gly40=,EEA1,Splice_Region,SJDES001-R,"splice_region_variant,synonymous_variant",SNP,93258761,C,40.0,NM_003566.3,12,WGS,93258761,ENST00000322349,ENST00000322349.8:c.120T>G,A,p.G40=,Bone Cancer,Tumor,SJDES001,3.4,ES,4.0,Male,White/Europe,es_dfarber_broad_2014,12-93258761-A-C,False,False,False,no_value,no_value,non-ambiguous,untested,untested,12-93258761-A-C
p.Met341Ile,EIF2A,Missense_Mutation,SJDES001-R,missense_variant,SNP,150289956,A,341.0,,3,WGS,150289956,ENST00000460851,ENST00000460851.1:c.1023G>A,G,p.M341I,Bone Cancer,Tumor,SJDES001,3.4,ES,4.0,Male,White/Europe,es_dfarber_broad_2014,3-150289956-G-A,False,False,False,no_value,no_value,non-ambiguous,untested,untested,3-150289956-G-A
p.Thr219Ala,EIF3I,Missense_Mutation,SJDES001-R,missense_variant,SNP,32694343,G,219.0,NM_003757.2,1,WGS,32694343,ENST00000373586,ENST00000373586.1:c.655A>G,A,p.T219A,Bone Cancer,Tumor,SJDES001,3.4,ES,4.0,Male,White/Europe,es_dfarber_broad_2014,1-32694343-A-G,False,False,False,no_value,no_value,non-ambiguous,untested,untested,1-32694343-A-G
p.Glu85Lys,ELOVL2,Missense_Mutation,SJDES001-R,"missense_variant,splice_region_variant",SNP,11005607,T,85.0,NM_017770.3,6,WGS,11005607,ENST00000354666,ENST00000354666.3:c.253G>A,C,p.E85K,Bone Cancer,Tumor,SJDES001,3.4,ES,4.0,Male,White/Europe,es_dfarber_broad_2014,6-11005607-C-T,False,False,False,no_value,no_value,non-ambiguous,untested,untested,6-11005607-C-T
p.Lys284Asn,FAM40A,Missense_Mutation,SJDES001-R,missense_variant,SNP,110584450,T,284.0,NM_033088.3,1,WGS,110584450,ENST00000369795,ENST00000369795.3:c.852G>T,G,p.K284N,Bone Cancer,Tumor,SJDES001,3.4,ES,4.0,Male,White/Europe,es_dfarber_broad_2014,1-110584450-G-T,False,False,False,no_value,no_value,non-ambiguous,untested,untested,1-110584450-G-T
p.Pro838Arg,FBXO41,Missense_Mutation,SJDES001-R,missense_variant,SNP,73486361,C,838.0,,2,WGS,73486361,ENST00000521871,ENST00000521871.1:c.2513C>G,G,p.P838R,Bone Cancer,Tumor,SJDES001,3.4,ES,4.0,Male,White/Europe,es_dfarber_broad_2014,2-73486361-G-C,False,False,False,no_value,no_value,non-ambiguous,untested,untested,2-73486361-G-C
p.Ile100Met,FGF7,Missense_Mutation,SJDES001-R,missense_variant,SNP,49775361,G,100.0,NM_002009.3,15,WGS,49775361,ENST00000267843,ENST00000267843.4:c.300C>G,C,p.I100M,Bone Cancer,Tumor,SJDES001,3.4,ES,4.0,Male,White/Europe,es_dfarber_broad_2014,15-49775361-C-G,False,False,False,no_value,no_value,non-ambiguous,untested,untested,15-49775361-C-G
p.Lys8Gln,HIVEP3,Missense_Mutation,SJDES001-R,missense_variant,SNP,42050447,G,8.0,NM_024503.4,1,WGS,42050447,ENST00000372583,ENST00000372583.1:c.22A>C,T,p.K8Q,Bone Cancer,Tumor,SJDES001,3.4,ES,4.0,Male,White/Europe,es_dfarber_broad_2014,1-42050447-T-G,False,False,False,no_value,no_value,non-ambiguous,untested,untested,1-42050447-T-G
p.Phe1175Val,KANK1,Missense_Mutation,SJDES001-R,missense_variant,SNP,738474,G,1175.0,NM_001256876.1,9,WGS,738474,ENST00000382303,ENST00000382303.1:c.3523T>G,T,p.F1175V,Bone Cancer,Tumor,SJDES001,3.4,ES,4.0,Male,White/Europe,es_dfarber_broad_2014,9-738474-T-G,False,False,False,no_value,no_value,non-ambiguous,untested,untested,9-738474-T-G
p.Ser372Thr,MCC,Missense_Mutation,SJDES001-R,missense_variant,SNP,112439965,G,372.0,NM_001085377.1,5,WGS,112439965,ENST00000408903,ENST00000408903.3:c.1115G>C,C,p.S372T,Bone Cancer,Tumor,SJDES001,3.4,ES,4.0,Male,White/Europe,es_dfarber_broad_2014,5-112439965-C-G,False,False,False,no_value,no_value,non-ambiguous,untested,untested,5-112439965-C-G
p.Arg588Trp,NRXN3,Missense_Mutation,SJDES001-R,missense_variant,SNP,79433654,T,588.0,NM_004796.5,14,WGS,79433654,ENST00000554719,ENST00000554719.1:c.1762C>T,C,p.R588W,Bone Cancer,Tumor,SJDES001,3.4,ES,4.0,Male,White/Europe,es_dfarber_broad_2014,14-79433654-C-T,False,False,False,no_value,no_value,non-ambiguous,untested,untested,14-79433654-C-T
p.Val704Gly,PIK3R1,Missense_Mutation,SJDES001-R,missense_variant,SNP,67593365,G,704.0,,5,WGS,67593365,ENST00000274335,ENST00000274335.5:c.2111T>G,T,p.V704G,Bone Cancer,Tumor,SJDES001,3.4,ES,4.0,Male,White/Europe,es_dfarber_broad_2014,5-67593365-T-G,False,False,False,no_value,no_value,non-ambiguous,untested,untested,5-67593365-T-G
p.Asp507=,PLAT,Silent,SJDES001-R,synonymous_variant,SNP,42036424,A,507.0,NM_000930.3,8,WGS,42036424,ENST00000220809,ENST00000220809.4:c.1521C>T,G,p.D507=,Bone Cancer,Tumor,SJDES001,3.4,ES,4.0,Male,White/Europe,es_dfarber_broad_2014,8-42036424-G-A,False,False,False,no_value,no_value,non-ambiguous,untested,untested,8-42036424-G-A
p.Thr515Pro,PLXNA2,Missense_Mutation,SJDES001-R,missense_variant,SNP,208276556,G,515.0,NM_025179.3,1,WGS,208276556,ENST00000367033,ENST00000367033.3:c.1543A>C,T,p.T515P,Bone Cancer,Tumor,SJDES001,3.4,ES,4.0,Male,White/Europe,es_dfarber_broad_2014,1-208276556-T-G,False,False,False,no_value,no_value,non-ambiguous,untested,untested,1-208276556-T-G
p.Thr829=,RASA3,Silent,SJDES001-R,synonymous_variant,SNP,114748776,A,829.0,NM_007368.2,13,WGS,114748776,ENST00000334062,ENST00000334062.7:c.2487C>T,G,p.T829=,Bone Cancer,Tumor,SJDES001,3.4,ES,4.0,Male,White/Europe,es_dfarber_broad_2014,13-114748776-G-A,False,False,False,no_value,no_value,non-ambiguous,untested,untested,13-114748776-G-A
p.Leu128His,RNF113B,Missense_Mutation,SJDES001-R,missense_variant,SNP,98829108,T,128.0,NM_178861.4,13,WGS,98829108,ENST00000267291,ENST00000267291.6:c.383T>A,A,p.L128H,Bone Cancer,Tumor,SJDES001,3.4,ES,4.0,Male,White/Europe,es_dfarber_broad_2014,13-98829108-A-T,False,False,False,no_value,no_value,non-ambiguous,untested,untested,13-98829108-A-T
p.His280Tyr,SLC6A7,Missense_Mutation,SJDES001-R,missense_variant,SNP,149580766,T,280.0,NM_014228.3,5,WGS,149580766,ENST00000230671,ENST00000230671.2:c.838C>T,C,p.H280Y,Bone Cancer,Tumor,SJDES001,3.4,ES,4.0,Male,White/Europe,es_dfarber_broad_2014,5-149580766-C-T,False,False,False,no_value,no_value,non-ambiguous,untested,untested,5-149580766-C-T
p.Ala1218Ser,SMARCA4,Missense_Mutation,SJDES001-R,missense_variant,SNP,11144071,T,1218.0,NM_003072.3,19,WGS,11144071,ENST00000344626,ENST00000344626.4:c.3652G>T,G,p.A1218S,Bone Cancer,Tumor,SJDES001,3.4,ES,4.0,Male,White/Europe,es_dfarber_broad_2014,19-11144071-G-T,False,False,False,no_value,no_value,non-ambiguous,untested,untested,19-11144071-G-T
p.His113Asp,TCP1,Missense_Mutation,SJDES001-R,missense_variant,SNP,160206972,C,113.0,NM_030752.2,6,WGS,160206972,ENST00000321394,ENST00000321394.7:c.337C>G,G,p.H113D,Bone Cancer,Tumor,SJDES001,3.4,ES,4.0,Male,White/Europe,es_dfarber_broad_2014,6-160206972-G-C,False,False,False,no_value,no_value,non-ambiguous,untested,untested,6-160206972-G-C
p.Val536Leu,TFR2,Missense_Mutation,SJDES001-R,"missense_variant,splice_region_variant",SNP,100225443,G,536.0,,7,WGS,100225443,ENST00000462107,ENST00000462107.1:c.1606G>C,C,p.V536L,Bone Cancer,Tumor,SJDES001,3.4,ES,4.0,Male,White/Europe,es_dfarber_broad_2014,7-100225443-C-G,False,False,False,no_value,no_value,non-ambiguous,untested,untested,7-100225443-C-G
p.Ala271Thr,TRAK1,Missense_Mutation,SJDES001-R,missense_variant,SNP,42234608,A,271.0,NM_001042646.2,3,WGS,42234608,ENST00000327628,ENST00000327628.5:c.811G>A,G,p.A271T,Bone Cancer,Tumor,SJDES001,3.4,ES,4.0,Male,White/Europe,es_dfarber_broad_2014,3-42234608-G-A,False,False,False,no_value,no_value,non-ambiguous,untested,untested,3-42234608-G-A
p.Asp857Tyr,USP47,Missense_Mutation,SJDES001-R,missense_variant,SNP,11964341,T,857.0,NM_017944.3,11,WGS,11964341,ENST00000339865,ENST00000339865.5:c.2569G>T,G,p.D857Y,Bone Cancer,Tumor,SJDES001,3.4,ES,4.0,Male,White/Europe,es_dfarber_broad_2014,11-11964341-G-T,False,False,False,no_value,no_value,non-ambiguous,untested,untested,11-11964341-G-T
,USP5,Splice_Site,SJDES001-R,splice_acceptor_variant,SNP,6975147,A,,NM_001098536.1,12,WGS,6975147,ENST00000229268,ENST00000229268.8:c.2484-1G>A,G,p.X828_splice,Bone Cancer,Tumor,SJDES001,3.4,ES,4.0,Male,White/Europe,es_dfarber_broad_2014,12-6975147-G-A,False,False,False,no_value,no_value,non-ambiguous,untested,untested,12-6975147-G-A
p.Trp420Cys,ZFYVE19,Missense_Mutation,SJDES001-R,missense_variant,SNP,41106191,T,420.0,NM_001077268.1,15,WGS,41106191,ENST00000355341,ENST00000355341.4:c.1260G>T,G,p.W420C,Bone Cancer,Tumor,SJDES001,3.4,ES,4.0,Male,White/Europe,es_dfarber_broad_2014,15-41106191-G-T,False,False,False,no_value,no_value,non-ambiguous,untested,untested,15-41106191-G-T
p.Lys199Arg,ZNF626,Missense_Mutation,SJDES001-R,missense_variant,SNP,20808087,C,199.0,NM_001076675.2,19,WGS,20808087,ENST00000601440,ENST00000601440.1:c.596A>G,T,p.K199R,Bone Cancer,Tumor,SJDES001,3.4,ES,4.0,Male,White/Europe,es_dfarber_broad_2014,19-20808087-T-C,False,False,False,no_value,no_value,non-ambiguous,untested,untested,19-20808087-T-C
p.Val94Ala,ANK1,Missense_Mutation,SJDES007-R1,missense_variant,SNP,41591535,G,94.0,NM_001142446.1,8,WGS,41591535,ENST00000265709,ENST00000265709.8:c.281T>C,A,p.V94A,Bone Cancer,Tumor,SJDES007,2.83333333333,ES,17.0,Male,White/Latin America,es_dfarber_broad_2014,8-41591535-A-G,False,False,False,no_value,no_value,non-ambiguous,untested,untested,8-41591535-A-G
p.Leu79Pro,CAPS,Missense_Mutation,SJDES007-R1,missense_variant,SNP,5914726,C,79.0,NM_004058.3,19,WGS,5914726,ENST00000222125,ENST00000222125.5:c.236T>C,T,p.L79P,Bone Cancer,Tumor,SJDES007,2.83333333333,ES,17.0,Male,White/Latin America,es_dfarber_broad_2014,19-5914726-T-C,False,False,False,no_value,no_value,non-ambiguous,untested,untested,19-5914726-T-C
p.Ser350=,CEP97,Silent,SJDES007-R1,synonymous_variant,SNP,101476500,G,350.0,,3,WGS,101476500,ENST00000341893,ENST00000341893.3:c.1050T>G,T,p.S350=,Bone Cancer,Tumor,SJDES007,2.83333333333,ES,17.0,Male,White/Latin America,es_dfarber_broad_2014,3-101476500-T-G,False,False,False,no_value,no_value,non-ambiguous,untested,untested,3-101476500-T-G
p.Ala251=,COLEC12,Silent,SJDES007-R1,synonymous_variant,SNP,346869,C,251.0,NM_130386.2,18,WGS,346869,ENST00000400256,ENST00000400256.3:c.753C>G,G,p.A251=,Bone Cancer,Tumor,SJDES007,2.83333333333,ES,17.0,Male,White/Latin America,es_dfarber_broad_2014,18-346869-G-C,False,False,False,no_value,no_value,non-ambiguous,untested,untested,18-346869-G-C
p.Val1119Met,DENND5B,Missense_Mutation,SJDES007-R1,missense_variant,SNP,31545312,T,1119.0,NM_144973.3,12,WGS,31545312,ENST00000389082,ENST00000389082.5:c.3355G>A,C,p.V1119M,Bone Cancer,Tumor,SJDES007,2.83333333333,ES,17.0,Male,White/Latin America,es_dfarber_broad_2014,12-31545312-C-T,False,False,False,no_value,no_value,non-ambiguous,untested,untested,12-31545312-C-T
p.Thr776=,DNAH11,Silent,SJDES007-R1,synonymous_variant,SNP,21630856,A,776.0,,7,WGS,21630856,ENST00000328843,ENST00000328843.6:c.2328G>A,G,p.T776=,Bone Cancer,Tumor,SJDES007,2.83333333333,ES,17.0,Male,White/Latin America,es_dfarber_broad_2014,7-21630856-G-A,False,False,False,no_value,no_value,non-ambiguous,untested,untested,7-21630856-G-A
p.Thr4593Met,DNAH5,Missense_Mutation,SJDES007-R1,missense_variant,SNP,13692190,A,4593.0,NM_001369.2,5,WGS,13692190,ENST00000265104,ENST00000265104.4:c.13778C>T,G,p.T4593M,Bone Cancer,Tumor,SJDES007,2.83333333333,ES,17.0,Male,White/Latin America,es_dfarber_broad_2014,5-13692190-G-A,False,False,False,no_value,no_value,non-ambiguous,untested,untested,5-13692190-G-A
p.Arg832His,EGFR,Missense_Mutation,SJDES007-R1,missense_variant,SNP,55259437,A,832.0,NM_005228.3,7,WGS,55259437,ENST00000275493,ENST00000275493.2:c.2495G>A,G,p.R832H,Bone Cancer,Tumor,SJDES007,2.83333333333,ES,17.0,Male,White/Latin America,es_dfarber_broad_2014,7-55259437-G-A,False,False,False,no_value,no_value,non-ambiguous,untested,untested,7-55259437-G-A
p.Arg571Cys,FLRT2,Missense_Mutation,SJDES007-R1,missense_variant,SNP,86089569,T,571.0,NM_013231.4,14,WGS,86089569,ENST00000330753,ENST00000330753.4:c.1711C>T,C,p.R571C,Bone Cancer,Tumor,SJDES007,2.83333333333,ES,17.0,Male,White/Latin America,es_dfarber_broad_2014,14-86089569-C-T,False,False,False,no_value,no_value,non-ambiguous,untested,untested,14-86089569-C-T
p.Gly439Trp,HABP2,Missense_Mutation,SJDES007-R1,missense_variant,SNP,115343984,T,439.0,NM_004132.3,10,WGS,115343984,ENST00000351270,ENST00000351270.3:c.1315G>T,G,p.G439W,Bone Cancer,Tumor,SJDES007,2.83333333333,ES,17.0,Male,White/Latin America,es_dfarber_broad_2014,10-115343984-G-T,False,False,False,no_value,no_value,non-ambiguous,untested,untested,10-115343984-G-T
p.Arg60His,IQCF2,Missense_Mutation,SJDES007-R1,missense_variant,SNP,51897070,A,60.0,NM_203424.1,3,WGS,51897070,ENST00000333127,ENST00000333127.3:c.179G>A,G,p.R60H,Bone Cancer,Tumor,SJDES007,2.83333333333,ES,17.0,Male,White/Latin America,es_dfarber_broad_2014,3-51897070-G-A,False,False,False,no_value,no_value,non-ambiguous,untested,untested,3-51897070-G-A
p.Tyr491Ter,KRT73,Nonsense_Mutation,SJDES007-R1,stop_gained,SNP,53002130,T,491.0,NM_175068.2,12,WGS,53002130,ENST00000305748,ENST00000305748.3:c.1473C>A,G,p.Y491*,Bone Cancer,Tumor,SJDES007,2.83333333333,ES,17.0,Male,White/Latin America,es_dfarber_broad_2014,12-53002130-G-T,False,False,False,no_value,no_value,non-ambiguous,untested,untested,12-53002130-G-T
p.His628Arg,LRRC4,Missense_Mutation,SJDES007-R1,missense_variant,SNP,127668811,C,628.0,NM_022143.4,7,WGS,127668811,ENST00000249363,ENST00000249363.3:c.1883A>G,T,p.H628R,Bone Cancer,Tumor,SJDES007,2.83333333333,ES,17.0,Male,White/Latin America,es_dfarber_broad_2014,7-127668811-T-C,False,False,False,no_value,no_value,non-ambiguous,untested,untested,7-127668811-T-C
p.His108Gln,MED8,Missense_Mutation,SJDES007-R1,missense_variant,SNP,43852616,C,108.0,NM_052877.4,1,WGS,43852616,ENST00000290663,ENST00000290663.6:c.324T>G,A,p.H108Q,Bone Cancer,Tumor,SJDES007,2.83333333333,ES,17.0,Male,White/Latin America,es_dfarber_broad_2014,1-43852616-A-C,False,False,False,no_value,no_value,non-ambiguous,untested,untested,1-43852616-A-C
p.Arg843Cys,NAV2,Missense_Mutation,SJDES007-R1,missense_variant,SNP,19970439,T,843.0,NM_001244963.1,11,WGS,19970439,ENST00000396087,ENST00000396087.3:c.2527C>T,C,p.R843C,Bone Cancer,Tumor,SJDES007,2.83333333333,ES,17.0,Male,White/Latin America,es_dfarber_broad_2014,11-19970439-C-T,False,False,False,no_value,no_value,non-ambiguous,untested,untested,11-19970439-C-T
p.Val397=,PCDHB7,Silent,SJDES007-R1,synonymous_variant,SNP,140553607,T,397.0,NM_018940.2,5,WGS,140553607,ENST00000231137,ENST00000231137.3:c.1191C>T,C,p.V397=,Bone Cancer,Tumor,SJDES007,2.83333333333,ES,17.0,Male,White/Latin America,es_dfarber_broad_2014,5-140553607-C-T,False,False,False,no_value,no_value,non-ambiguous,untested,untested,5-140553607-C-T
,SAGE1,Splice_Site,SJDES007-R1,splice_acceptor_variant,SNP,134987410,C,,NM_018666.2,X,WGS,134987410,ENST00000535938,ENST00000535938.1:c.314-1G>C,G,p.X105_splice,Bone Cancer,Tumor,SJDES007,2.83333333333,ES,17.0,Male,White/Latin America,es_dfarber_broad_2014,X-134987410-G-C,False,False,False,no_value,no_value,non-ambiguous,untested,untested,X-134987410-G-C
p.Gln185Glu,SCPEP1,Missense_Mutation,SJDES007-R1,missense_variant,SNP,55068466,G,185.0,NM_021626.2,17,WGS,55068466,ENST00000262288,ENST00000262288.3:c.553C>G,C,p.Q185E,Bone Cancer,Tumor,SJDES007,2.83333333333,ES,17.0,Male,White/Latin America,es_dfarber_broad_2014,17-55068466-C-G,False,False,False,no_value,no_value,non-ambiguous,untested,untested,17-55068466-C-G
p.Val607Ile,SLC34A2,Missense_Mutation,SJDES007-R1,missense_variant,SNP,25678117,A,607.0,NM_006424.2,4,WGS,25678117,ENST00000382051,ENST00000382051.3:c.1819G>A,G,p.V607I,Bone Cancer,Tumor,SJDES007,2.83333333333,ES,17.0,Male,White/Latin America,es_dfarber_broad_2014,4-25678117-G-A,False,False,False,no_value,no_value,non-ambiguous,untested,untested,4-25678117-G-A
p.Ile408Thr,SMO,Missense_Mutation,SJDES007-R1,missense_variant,SNP,128846387,C,408.0,NM_005631.4,7,WGS,128846387,ENST00000249373,ENST00000249373.3:c.1223T>C,T,p.I408T,Bone Cancer,Tumor,SJDES007,2.83333333333,ES,17.0,Male,White/Latin America,es_dfarber_broad_2014,7-128846387-T-C,False,False,False,no_value,no_value,non-ambiguous,untested,untested,7-128846387-T-C
p.Asp357AlafsTer71,SNTB1,Frame_Shift_Del,SJDES007-R1,frameshift_variant,DEL,121587392,-,357.0,NM_021021.3,8,WGS,121587389,ENST00000395601,ENST00000395601.3:c.1070_1073del,CTGT,p.D357Afs*71,Bone Cancer,Tumor,SJDES007,2.83333333333,ES,17.0,Male,White/Latin America,es_dfarber_broad_2014,8-121587389-CTGT--,False,False,False,no_value,no_value,non-ambiguous,untested,untested,8-121587389-CTGT--
p.Asn48IlefsTer4,TIGD7,Frame_Shift_Del,SJDES007-R1,frameshift_variant,DEL,3350472,-,48.0,NM_033208.3,16,WGS,3350472,ENST00000396862,ENST00000396862.1:c.143delA,T,p.N48Ifs*4,Bone Cancer,Tumor,SJDES007,2.83333333333,ES,17.0,Male,White/Latin America,es_dfarber_broad_2014,16-3350472-T--,False,False,False,no_value,no_value,non-ambiguous,untested,untested,16-3350472-T--
p.Ser728Ter,TMEM132B,Nonsense_Mutation,SJDES007-R1,stop_gained,SNP,126138202,G,728.0,NM_052907.2,12,WGS,126138202,ENST00000299308,ENST00000299308.3:c.2183C>G,C,p.S728*,Bone Cancer,Tumor,SJDES007,2.83333333333,ES,17.0,Male,White/Latin America,es_dfarber_broad_2014,12-126138202-C-G,False,False,False,no_value,no_value,non-ambiguous,untested,untested,12-126138202-C-G
p.Cys176Phe,TP53,Missense_Mutation,SJDES007-R1,missense_variant,SNP,7578403,A,176.0,NM_001126112.2,17,WGS,7578403,ENST00000269305,ENST00000269305.4:c.527G>T,C,p.C176F,Bone Cancer,Tumor,SJDES007,2.83333333333,ES,17.0,Male,White/Latin America,es_dfarber_broad_2014,17-7578403-C-A,False,False,False,no_value,no_value,non-ambiguous,untested,untested,17-7578403-C-A
p.Asp120Asn,WSB2,Missense_Mutation,SJDES007-R1,missense_variant,SNP,118481007,T,120.0,NM_018639.4,12,WGS,118481007,ENST00000315436,ENST00000315436.3:c.358G>A,C,p.D120N,Bone Cancer,Tumor,SJDES007,2.83333333333,ES,17.0,Male,White/Latin America,es_dfarber_broad_2014,12-118481007-C-T,False,False,False,no_value,no_value,non-ambiguous,untested,untested,12-118481007-C-T
p.Asp96His,ACVR2A,Missense_Mutation,SJDES018-R,missense_variant,SNP,148657049,C,96.0,NM_001616.4,2,WGS,148657049,ENST00000241416,ENST00000241416.7:c.286G>C,G,p.D96H,Bone Cancer,Tumor,SJDES018,3.33333333333,ES,1.5,Female,White/Europe,es_dfarber_broad_2014,2-148657049-G-C,False,False,False,no_value,no_value,non-ambiguous,untested,untested,2-148657049-G-C
p.Glu742Gly,AKAP9,Missense_Mutation,SJDES018-R,missense_variant,SNP,91631456,G,742.0,NM_147185.2,7,WGS,91631456,ENST00000356239,ENST00000356239.3:c.2225A>G,A,p.E742G,Bone Cancer,Tumor,SJDES018,3.33333333333,ES,1.5,Female,White/Europe,es_dfarber_broad_2014,7-91631456-A-G,False,False,False,no_value,no_value,non-ambiguous,untested,untested,7-91631456-A-G
p.Pro2481=,BAT2L2,Silent,SJDES018-R,synonymous_variant,SNP,171553134,G,2481.0,NM_015172.3,1,WGS,171553134,ENST00000338920,ENST00000338920.4:c.7443A>G,A,p.P2481=,Bone Cancer,Tumor,SJDES018,3.33333333333,ES,1.5,Female,White/Europe,es_dfarber_broad_2014,1-171553134-A-G,False,False,False,no_value,no_value,non-ambiguous,untested,untested,1-171553134-A-G
p.Val798Ile,CEP152,Missense_Mutation,SJDES018-R,missense_variant,SNP,49054758,T,798.0,NM_001194998.1,15,WGS,49054758,ENST00000380950,ENST00000380950.2:c.2392G>A,C,p.V798I,Bone Cancer,Tumor,SJDES018,3.33333333333,ES,1.5,Female,White/Europe,es_dfarber_broad_2014,15-49054758-C-T,False,False,False,no_value,no_value,non-ambiguous,untested,untested,15-49054758-C-T
p.Gly393Arg,COL23A1,Missense_Mutation,SJDES018-R,missense_variant,SNP,177675228,T,393.0,NM_173465.3,5,WGS,177675228,ENST00000390654,ENST00000390654.3:c.1177G>A,C,p.G393R,Bone Cancer,Tumor,SJDES018,3.33333333333,ES,1.5,Female,White/Europe,es_dfarber_broad_2014,5-177675228-C-T,False,False,False,no_value,no_value,non-ambiguous,untested,untested,5-177675228-C-T
p.Pro317=,COL27A1,Silent,SJDES018-R,synonymous_variant,SNP,116930786,T,317.0,NM_032888.2,9,WGS,116930786,ENST00000356083,ENST00000356083.3:c.951A>T,A,p.P317=,Bone Cancer,Tumor,SJDES018,3.33333333333,ES,1.5,Female,White/Europe,es_dfarber_broad_2014,9-116930786-A-T,False,False,False,no_value,no_value,non-ambiguous,untested,untested,9-116930786-A-T
p.Arg2963=,CSMD2,Silent,SJDES018-R,"synonymous_variant,NMD_transcript_variant",SNP,34006866,A,2963.0,,1,WGS,34006866,ENST00000241312,ENST00000241312.4:c.8889G>T,C,p.R2963=,Bone Cancer,Tumor,SJDES018,3.33333333333,ES,1.5,Female,White/Europe,es_dfarber_broad_2014,1-34006866-C-A,False,False,False,no_value,no_value,non-ambiguous,untested,untested,1-34006866-C-A
p.Val63Ile,CXCR3,Missense_Mutation,SJDES018-R,missense_variant,SNP,70837276,T,63.0,NM_001142797.1,X,WGS,70837276,ENST00000373691,ENST00000373691.4:c.187G>A,C,p.V63I,Bone Cancer,Tumor,SJDES018,3.33333333333,ES,1.5,Female,White/Europe,es_dfarber_broad_2014,X-70837276-C-T,False,False,False,no_value,no_value,non-ambiguous,untested,untested,X-70837276-C-T
p.Gly121=,CYP2A7,Silent,SJDES018-R,synonymous_variant,SNP,41386514,T,121.0,NM_000764.2,19,WGS,41386514,ENST00000301146,ENST00000301146.4:c.363G>A,C,p.G121=,Bone Cancer,Tumor,SJDES018,3.33333333333,ES,1.5,Female,White/Europe,es_dfarber_broad_2014,19-41386514-C-T,False,False,False,no_value,no_value,non-ambiguous,untested,untested,19-41386514-C-T
p.Lys370Gln,ENC1,Missense_Mutation,SJDES018-R,missense_variant,SNP,73931203,G,370.0,NM_003633.3,5,WGS,73931203,ENST00000302351,ENST00000302351.4:c.1108A>C,T,p.K370Q,Bone Cancer,Tumor,SJDES018,3.33333333333,ES,1.5,Female,White/Europe,es_dfarber_broad_2014,5-73931203-T-G,False,False,False,no_value,no_value,non-ambiguous,untested,untested,5-73931203-T-G
p.Thr151Lys,IL18RAP,Missense_Mutation,SJDES018-R,missense_variant,SNP,103040747,A,151.0,NM_003853.2,2,WGS,103040747,ENST00000264260,ENST00000264260.2:c.452C>A,C,p.T151K,Bone Cancer,Tumor,SJDES018,3.33333333333,ES,1.5,Female,White/Europe,es_dfarber_broad_2014,2-103040747-C-A,False,False,False,no_value,no_value,non-ambiguous,untested,untested,2-103040747-C-A
p.Ala225Thr,KDM4C,Missense_Mutation,SJDES018-R,missense_variant,SNP,6880055,A,225.0,NM_015061.3,9,WGS,6880055,ENST00000381309,ENST00000381309.3:c.673G>A,G,p.A225T,Bone Cancer,Tumor,SJDES018,3.33333333333,ES,1.5,Female,White/Europe,es_dfarber_broad_2014,9-6880055-G-A,False,False,False,no_value,no_value,non-ambiguous,untested,untested,9-6880055-G-A
,LRCH3,Splice_Site,SJDES018-R,splice_donor_variant,SNP,197557735,A,,NM_032773.2,3,WGS,197557735,ENST00000334859,ENST00000334859.4:c.981+1G>A,G,p.X327_splice,Bone Cancer,Tumor,SJDES018,3.33333333333,ES,1.5,Female,White/Europe,es_dfarber_broad_2014,3-197557735-G-A,False,False,False,no_value,no_value,non-ambiguous,untested,untested,3-197557735-G-A
p.Pro506Ala,MEP1B,Missense_Mutation,SJDES018-R,missense_variant,SNP,29793459,G,506.0,NM_005925.2,18,WGS,29793459,ENST00000269202,ENST00000269202.6:c.1516C>G,C,p.P506A,Bone Cancer,Tumor,SJDES018,3.33333333333,ES,1.5,Female,White/Europe,es_dfarber_broad_2014,18-29793459-C-G,False,False,False,no_value,no_value,non-ambiguous,untested,untested,18-29793459-C-G
p.Gly286AlafsTer60,MSLNL,Frame_Shift_Del,SJDES018-R,frameshift_variant,DEL,830144,-,286.0,,16,WGS,830144,ENST00000293892,ENST00000293892.3:c.857del,C,p.G286Afs*60,Bone Cancer,Tumor,SJDES018,3.33333333333,ES,1.5,Female,White/Europe,es_dfarber_broad_2014,16-830144-C--,False,False,False,no_value,no_value,non-ambiguous,untested,untested,16-830144-C--
p.Pro4213Leu,MUC16,Missense_Mutation,SJDES018-R,missense_variant,SNP,9074808,A,4213.0,NM_024690.2,19,WGS,9074808,ENST00000397910,ENST00000397910.4:c.12638C>T,G,p.P4213L,Bone Cancer,Tumor,SJDES018,3.33333333333,ES,1.5,Female,White/Europe,es_dfarber_broad_2014,19-9074808-G-A,False,False,False,no_value,no_value,non-ambiguous,untested,untested,19-9074808-G-A
p.Leu1618=,MYH1,Silent,SJDES018-R,synonymous_variant,SNP,10399669,A,1618.0,NM_005963.3,17,WGS,10399669,ENST00000226207,ENST00000226207.5:c.4854C>T,G,p.L1618=,Bone Cancer,Tumor,SJDES018,3.33333333333,ES,1.5,Female,White/Europe,es_dfarber_broad_2014,17-10399669-G-A,False,False,False,no_value,no_value,non-ambiguous,untested,untested,17-10399669-G-A
p.His1468Tyr,MYH1,Missense_Mutation,SJDES018-R,missense_variant,SNP,10400733,A,1468.0,NM_005963.3,17,WGS,10400733,ENST00000226207,ENST00000226207.5:c.4402C>T,G,p.H1468Y,Bone Cancer,Tumor,SJDES018,3.33333333333,ES,1.5,Female,White/Europe,es_dfarber_broad_2014,17-10400733-G-A,False,False,False,no_value,no_value,non-ambiguous,untested,untested,17-10400733-G-A
p.Cys120Tyr,OR51B2,Missense_Mutation,SJDES018-R,missense_variant,SNP,5345169,T,120.0,NM_033180.4,11,WGS,5345169,ENST00000328813,ENST00000328813.2:c.359G>A,C,p.C120Y,Bone Cancer,Tumor,SJDES018,3.33333333333,ES,1.5,Female,White/Europe,es_dfarber_broad_2014,11-5345169-C-T,False,False,False,no_value,no_value,non-ambiguous,untested,untested,11-5345169-C-T
p.Phe615Leu,PCSK5,Missense_Mutation,SJDES018-R,missense_variant,SNP,78789990,A,615.0,NM_001190482.1,9,WGS,78789990,ENST00000545128,ENST00000545128.1:c.1845C>A,C,p.F615L,Bone Cancer,Tumor,SJDES018,3.33333333333,ES,1.5,Female,White/Europe,es_dfarber_broad_2014,9-78789990-C-A,False,False,False,no_value,no_value,non-ambiguous,untested,untested,9-78789990-C-A
p.Glu364Gly,PHACTR3,Missense_Mutation,SJDES018-R,missense_variant,SNP,58349462,G,364.0,NM_080672.4,20,WGS,58349462,ENST00000371015,ENST00000371015.1:c.1091A>G,A,p.E364G,Bone Cancer,Tumor,SJDES018,3.33333333333,ES,1.5,Female,White/Europe,es_dfarber_broad_2014,20-58349462-A-G,False,False,False,no_value,no_value,non-ambiguous,untested,untested,20-58349462-A-G
p.His395Arg,PTPN7,Missense_Mutation,SJDES018-R,missense_variant,SNP,202121676,C,395.0,NM_001199797.1,1,WGS,202121676,ENST00000309017,ENST00000309017.3:c.1184A>G,T,p.H395R,Bone Cancer,Tumor,SJDES018,3.33333333333,ES,1.5,Female,White/Europe,es_dfarber_broad_2014,1-202121676-T-C,False,False,False,no_value,no_value,non-ambiguous,untested,untested,1-202121676-T-C
p.His1159=,PTPRC,Silent,SJDES018-R,synonymous_variant,SNP,198721869,C,1159.0,,1,WGS,198721869,ENST00000442510,ENST00000442510.2:c.3477T>C,T,p.H1159=,Bone Cancer,Tumor,SJDES018,3.33333333333,ES,1.5,Female,White/Europe,es_dfarber_broad_2014,1-198721869-T-C,False,False,False,no_value,no_value,non-ambiguous,untested,untested,1-198721869-T-C
p.Asp89Tyr,RSPO2,Missense_Mutation,SJDES018-R,missense_variant,SNP,109001302,A,89.0,NM_178565.4,8,WGS,109001302,ENST00000276659,ENST00000276659.5:c.265G>T,C,p.D89Y,Bone Cancer,Tumor,SJDES018,3.33333333333,ES,1.5,Female,White/Europe,es_dfarber_broad_2014,8-109001302-C-A,False,False,False,no_value,no_value,non-ambiguous,untested,untested,8-109001302-C-A
p.Leu32=,S100A7A,Silent,SJDES018-R,synonymous_variant,SNP,153390654,T,32.0,NM_176823.3,1,WGS,153390654,ENST00000368729,ENST00000368729.4:c.96G>T,G,p.L32=,Bone Cancer,Tumor,SJDES018,3.33333333333,ES,1.5,Female,White/Europe,es_dfarber_broad_2014,1-153390654-G-T,False,False,False,no_value,no_value,non-ambiguous,untested,untested,1-153390654-G-T
p.Asp123Asn,SDR39U1,Missense_Mutation,SJDES018-R,missense_variant,SNP,24910094,T,123.0,NM_020195.2,14,WGS,24910094,ENST00000399395,ENST00000399395.3:c.367G>A,C,p.D123N,Bone Cancer,Tumor,SJDES018,3.33333333333,ES,1.5,Female,White/Europe,es_dfarber_broad_2014,14-24910094-C-T,False,False,False,no_value,no_value,non-ambiguous,untested,untested,14-24910094-C-T
p.Ala38Val,SKIC2,Missense_Mutation,SJDES018-R,missense_variant,SNP,31927164,T,38.0,NM_006929.4,6,WGS,31927164,ENST00000375394,ENST00000375394.2:c.113C>T,C,p.A38V,Bone Cancer,Tumor,SJDES018,3.33333333333,ES,1.5,Female,White/Europe,es_dfarber_broad_2014,6-31927164-C-T,False,False,False,no_value,no_value,non-ambiguous,untested,untested,6-31927164-C-T
p.Ile71Val,SLC13A1,Missense_Mutation,SJDES018-R,missense_variant,SNP,122821044,C,71.0,NM_022444.3,7,WGS,122821044,ENST00000194130,ENST00000194130.2:c.211A>G,T,p.I71V,Bone Cancer,Tumor,SJDES018,3.33333333333,ES,1.5,Female,White/Europe,es_dfarber_broad_2014,7-122821044-T-C,False,False,False,no_value,no_value,non-ambiguous,untested,untested,7-122821044-T-C
p.Arg954His,SLC26A8,Missense_Mutation,SJDES018-R,missense_variant,SNP,35911729,T,954.0,NM_052961.3,6,WGS,35911729,ENST00000490799,ENST00000490799.1:c.2861G>A,C,p.R954H,Bone Cancer,Tumor,SJDES018,3.33333333333,ES,1.5,Female,White/Europe,es_dfarber_broad_2014,6-35911729-C-T,False,False,False,no_value,no_value,non-ambiguous,untested,untested,6-35911729-C-T
,STAG2,Splice_Site,SJDES018-R,splice_acceptor_variant,SNP,123176418,A,,NM_001042749.1,X,WGS,123176418,ENST00000218089,ENST00000218089.9:c.386-1G>A,G,p.X129_splice,Bone Cancer,Tumor,SJDES018,3.33333333333,ES,1.5,Female,White/Europe,es_dfarber_broad_2014,X-123176418-G-A,False,False,False,no_value,no_value,non-ambiguous,untested,untested,X-123176418-G-A
p.Ile296Met,TANK,Missense_Mutation,SJDES018-R,missense_variant,SNP,162087849,G,296.0,NM_001199135.1,2,WGS,162087849,ENST00000392749,ENST00000392749.2:c.888A>G,A,p.I296M,Bone Cancer,Tumor,SJDES018,3.33333333333,ES,1.5,Female,White/Europe,es_dfarber_broad_2014,2-162087849-A-G,False,False,False,no_value,no_value,non-ambiguous,untested,untested,2-162087849-A-G
p.Lys668Arg,TOP3A,Missense_Mutation,SJDES018-R,missense_variant,SNP,18186030,C,668.0,NM_004618.3,17,WGS,18186030,ENST00000321105,ENST00000321105.5:c.2003A>G,T,p.K668R,Bone Cancer,Tumor,SJDES018,3.33333333333,ES,1.5,Female,White/Europe,es_dfarber_broad_2014,17-18186030-T-C,False,False,False,no_value,no_value,non-ambiguous,untested,untested,17-18186030-T-C
p.Arg175His,TP53,Missense_Mutation,SJDES018-R,missense_variant,SNP,7578406,T,175.0,NM_001126112.2,17,WGS,7578406,ENST00000269305,ENST00000269305.4:c.524G>A,C,p.R175H,Bone Cancer,Tumor,SJDES018,3.33333333333,ES,1.5,Female,White/Europe,es_dfarber_broad_2014,17-7578406-C-T,False,False,False,no_value,no_value,non-ambiguous,untested,untested,17-7578406-C-T
p.Glu94Ala,VPS16,Missense_Mutation,SJDES018-R,missense_variant,SNP,2840925,C,94.0,NM_022575.2,20,WGS,2840925,ENST00000380445,ENST00000380445.3:c.281A>C,A,p.E94A,Bone Cancer,Tumor,SJDES018,3.33333333333,ES,1.5,Female,White/Europe,es_dfarber_broad_2014,20-2840925-A-C,False,False,False,no_value,no_value,non-ambiguous,untested,untested,20-2840925-A-C
p.Ala1003Asp,WDR35,Missense_Mutation,SJDES018-R,missense_variant,SNP,20130303,T,1003.0,NM_001006657.1,2,WGS,20130303,ENST00000345530,ENST00000345530.3:c.3008C>A,G,p.A1003D,Bone Cancer,Tumor,SJDES018,3.33333333333,ES,1.5,Female,White/Europe,es_dfarber_broad_2014,2-20130303-G-T,False,False,False,no_value,no_value,non-ambiguous,untested,untested,2-20130303-G-T
p.Lys488Glu,ZNF280B,Missense_Mutation,SJDES018-R,missense_variant,SNP,22842262,C,488.0,NM_080764.2,22,WGS,22842262,ENST00000360412,ENST00000360412.2:c.1462A>G,T,p.K488E,Bone Cancer,Tumor,SJDES018,3.33333333333,ES,1.5,Female,White/Europe,es_dfarber_broad_2014,22-22842262-T-C,False,False,False,no_value,no_value,non-ambiguous,untested,untested,22-22842262-T-C
p.Gly483Asp,ZNF397OS,Missense_Mutation,SJDES018-R,missense_variant,SNP,32833451,T,483.0,NM_001166012.1,18,WGS,32833451,ENST00000420878,ENST00000420878.3:c.1448G>A,C,p.G483D,Bone Cancer,Tumor,SJDES018,3.33333333333,ES,1.5,Female,White/Europe,es_dfarber_broad_2014,18-32833451-C-T,False,False,False,no_value,no_value,non-ambiguous,untested,untested,18-32833451-C-T
p.Gly122Arg,ETFDH,Missense_Mutation,SJDES004-R,missense_variant,SNP,159603535,C,122.0,NM_004453.2,4,WXS,159603535,ENST00000511912,ENST00000511912.1:c.364G>C,G,p.G122R,Bone Cancer,Tumor,SJDES004,1.73333333333,ES,15.0,Male,White/Europe,es_dfarber_broad_2014,4-159603535-G-C,False,False,False,no_value,no_value,non-ambiguous,untested,untested,4-159603535-G-C
p.Arg160His,GJB4,Missense_Mutation,SJDES004-R,missense_variant,SNP,35227334,A,160.0,NM_153212.2,1,WXS,35227334,ENST00000339480,ENST00000339480.1:c.479G>A,G,p.R160H,Bone Cancer,Tumor,SJDES004,1.73333333333,ES,15.0,Male,White/Europe,es_dfarber_broad_2014,1-35227334-G-A,False,False,False,no_value,no_value,non-ambiguous,untested,untested,1-35227334-G-A
p.Val4857Met,MUC5B,Missense_Mutation,SJDES004-R,missense_variant,SNP,1272679,A,4857.0,NM_002458.2,11,WXS,1272679,ENST00000529681,ENST00000529681.1:c.14569G>A,G,p.V4857M,Bone Cancer,Tumor,SJDES004,1.73333333333,ES,15.0,Male,White/Europe,es_dfarber_broad_2014,11-1272679-G-A,False,False,False,no_value,no_value,non-ambiguous,untested,untested,11-1272679-G-A
p.Ser346=,PCDHAC1,Silent,SJDES004-R,synonymous_variant,SNP,140307515,A,346.0,NM_018898.3,5,WXS,140307515,ENST00000253807,ENST00000253807.2:c.1038G>A,G,p.S346=,Bone Cancer,Tumor,SJDES004,1.73333333333,ES,15.0,Male,White/Europe,es_dfarber_broad_2014,5-140307515-G-A,False,False,False,no_value,no_value,non-ambiguous,untested,untested,5-140307515-G-A
p.Arg331Trp,YAP1,Missense_Mutation,SJDES004-R,missense_variant,SNP,102080254,T,331.0,NM_001130145.2,11,WXS,102080254,ENST00000282441,ENST00000282441.5:c.991C>T,C,p.R331W,Bone Cancer,Tumor,SJDES004,1.73333333333,ES,15.0,Male,White/Europe,es_dfarber_broad_2014,11-102080254-C-T,False,False,False,no_value,no_value,non-ambiguous,untested,untested,11-102080254-C-T
p.Thr4593Met,DNAH5,Missense_Mutation,SJDES007-R2,missense_variant,SNP,13692190,A,4593.0,NM_001369.2,5,WXS,13692190,ENST00000265104,ENST00000265104.4:c.13778C>T,G,p.T4593M,Bone Cancer,Tumor,SJDES007,2.26666666667,ES,17.0,Male,White/Latin America,es_dfarber_broad_2014,5-13692190-G-A,False,False,False,no_value,no_value,non-ambiguous,untested,untested,5-13692190-G-A
p.Asn48IlefsTer4,TIGD7,Frame_Shift_Del,SJDES007-R2,frameshift_variant,DEL,3350472,-,48.0,NM_033208.3,16,WXS,3350472,ENST00000396862,ENST00000396862.1:c.143delA,T,p.N48Ifs*4,Bone Cancer,Tumor,SJDES007,2.26666666667,ES,17.0,Male,White/Latin America,es_dfarber_broad_2014,16-3350472-T--,False,False,False,no_value,no_value,non-ambiguous,untested,untested,16-3350472-T--
p.Asp120Asn,WSB2,Missense_Mutation,SJDES007-R2,missense_variant,SNP,118481007,T,120.0,NM_018639.4,12,WXS,118481007,ENST00000315436,ENST00000315436.3:c.358G>A,C,p.D120N,Bone Cancer,Tumor,SJDES007,2.26666666667,ES,17.0,Male,White/Latin America,es_dfarber_broad_2014,12-118481007-C-T,False,False,False,no_value,no_value,non-ambiguous,untested,untested,12-118481007-C-T
p.Gly32Trp,ADAM21,Missense_Mutation,SJDES016-R,missense_variant,SNP,70924310,T,32.0,NM_003813.3,14,WXS,70924310,ENST00000603540,ENST00000603540.1:c.94G>T,G,p.G32W,Bone Cancer,Tumor,SJDES016,0.866666666667,ES,18.0,Female,White/Europe,es_dfarber_broad_2014,14-70924310-G-T,False,False,False,no_value,no_value,non-ambiguous,untested,untested,14-70924310-G-T
p.Arg477Gln,ADAMTS5,Missense_Mutation,SJDES016-R,missense_variant,SNP,28307044,T,477.0,NM_007038.3,21,WXS,28307044,ENST00000284987,ENST00000284987.5:c.1430G>A,C,p.R477Q,Bone Cancer,Tumor,SJDES016,0.866666666667,ES,18.0,Female,White/Europe,es_dfarber_broad_2014,21-28307044-C-T,False,False,False,no_value,no_value,non-ambiguous,untested,untested,21-28307044-C-T
p.Phe1474Leu,CACNA1E,Missense_Mutation,SJDES016-R,missense_variant,SNP,181727175,G,1474.0,NM_001205293.1,1,WXS,181727175,ENST00000367573,ENST00000367573.2:c.4422T>G,T,p.F1474L,Bone Cancer,Tumor,SJDES016,0.866666666667,ES,18.0,Female,White/Europe,es_dfarber_broad_2014,1-181727175-T-G,False,False,False,no_value,no_value,non-ambiguous,untested,untested,1-181727175-T-G
p.Ser129Arg,EIF4G2,Missense_Mutation,SJDES016-R,missense_variant,SNP,10825930,C,129.0,NM_001172705.1,11,WXS,10825930,ENST00000526148,ENST00000526148.1:c.387C>G,G,p.S129R,Bone Cancer,Tumor,SJDES016,0.866666666667,ES,18.0,Female,White/Europe,es_dfarber_broad_2014,11-10825930-G-C,False,False,False,no_value,no_value,non-ambiguous,untested,untested,11-10825930-G-C
p.Asn1826=,FBN2,Silent,SJDES016-R,synonymous_variant,SNP,127641585,A,1826.0,,5,WXS,127641585,ENST00000508053,ENST00000508053.1:c.5478C>T,G,p.N1826=,Bone Cancer,Tumor,SJDES016,0.866666666667,ES,18.0,Female,White/Europe,es_dfarber_broad_2014,5-127641585-G-A,False,False,False,no_value,no_value,non-ambiguous,untested,untested,5-127641585-G-A
p.Glu24=,LMAN1L,Silent,SJDES016-R,synonymous_variant,SNP,75105267,A,24.0,NM_021819.2,15,WXS,75105267,ENST00000309664,ENST00000309664.5:c.72G>A,G,p.E24=,Bone Cancer,Tumor,SJDES016,0.866666666667,ES,18.0,Female,White/Europe,es_dfarber_broad_2014,15-75105267-G-A,False,False,False,no_value,no_value,non-ambiguous,untested,untested,15-75105267-G-A
p.Ser475Asn,LMNB2,Missense_Mutation,SJDES016-R,missense_variant,SNP,2433882,T,475.0,,19,WXS,2433882,ENST00000325327,ENST00000325327.3:c.1424G>A,C,p.S475N,Bone Cancer,Tumor,SJDES016,0.866666666667,ES,18.0,Female,White/Europe,es_dfarber_broad_2014,19-2433882-C-T,False,False,False,no_value,no_value,non-ambiguous,untested,untested,19-2433882-C-T
p.Val173Ile,OR4K5,Missense_Mutation,SJDES016-R,missense_variant,SNP,20389282,A,173.0,NM_001005483.1,14,WXS,20389282,ENST00000315915,ENST00000315915.4:c.517G>A,G,p.V173I,Bone Cancer,Tumor,SJDES016,0.866666666667,ES,18.0,Female,White/Europe,es_dfarber_broad_2014,14-20389282-G-A,False,False,False,no_value,no_value,non-ambiguous,untested,untested,14-20389282-G-A
p.Thr154Ile,TIE1,Missense_Mutation,SJDES016-R,missense_variant,SNP,43770991,T,154.0,NM_005424.4,1,WXS,43770991,ENST00000372476,ENST00000372476.3:c.461C>T,C,p.T154I,Bone Cancer,Tumor,SJDES016,0.866666666667,ES,18.0,Female,White/Europe,es_dfarber_broad_2014,1-43770991-C-T,False,False,False,no_value,no_value,non-ambiguous,untested,untested,1-43770991-C-T
p.Ala313Val,TRIM32,Missense_Mutation,SJDES016-R,missense_variant,SNP,119460959,T,313.0,NM_012210.3,9,WXS,119460959,ENST00000450136,ENST00000450136.1:c.938C>T,C,p.A313V,Bone Cancer,Tumor,SJDES016,0.866666666667,ES,18.0,Female,White/Europe,es_dfarber_broad_2014,9-119460959-C-T,False,False,False,no_value,no_value,non-ambiguous,untested,untested,9-119460959-C-T
p.Thr480Ala,PALM2AKAP2,Missense_Mutation,03-P152,missense_variant,SNP,112899262,G,480.0,NM_007203.4,9,WXS,112899262,ENST00000374530,ENST00000374530.3:c.1438A>G,A,p.T480A,Bone Cancer,Tumor,03-P152,1.56666666667,ES,No_Data,Male,No_Data,es_dfarber_broad_2014,9-112899262-A-G,False,False,False,no_value,no_value,non-ambiguous,untested,untested,9-112899262-A-G
,FGD1,Silent,SJDES014-R1,No_Data,SNP,54475299,A,,,X,WXS,54475299,,,C,,Bone Cancer,Tumor,SJDES014,1.03333333333,ES,0.5,Female,White/Europe,es_dfarber_broad_2014,23-54475299-C-A,True,False,False,no_value,no_value,non-ambiguous,untested,untested,X-54475299-C-A
p.Gly199=,GABBR2,Silent,SJDES001-R,synonymous_variant,SNP,101304188,A,199.0,NM_005458.7,9,WXS,101304188,ENST00000259455,ENST00000259455.2:c.597C>T,G,p.G199=,Bone Cancer,Tumor,SJDES001,3.4,ES,4.0,Male,White/Europe,es_dfarber_broad_2014,9-101304188-G-A,False,False,False,no_value,no_value,non-ambiguous,untested,untested,9-101304188-G-A
,HCFC1,Silent,SJDES011-R,No_Data,SNP,153223671,T,,,X,WXS,153223671,,,C,,Bone Cancer,Tumor,SJDES011,2.36666666667,ES,12.0,Male,White/Europe,es_dfarber_broad_2014,23-153223671-C-T,True,True,False,4839,no_value,non-ambiguous,4839,4839,X-153223671-C-T
,MAGEB2,Silent,SJDES011-R,No_Data,SNP,30237111,A,,,X,WXS,30237111,,,G,,Bone Cancer,Tumor,SJDES011,2.36666666667,ES,12.0,Male,White/Europe,es_dfarber_broad_2014,23-30237111-G-A,True,True,False,6809,no_value,non-ambiguous,6809,6809,X-30237111-G-A
,OTC,Silent,SJDES015,No_Data,SNP,38260612,T,,,X,WXS,38260612,,,C,,Bone Cancer,Tumor,SJDES015,0.333333333333,ES,8.0,Female,White/Europe,es_dfarber_broad_2014,23-38260612-C-T,True,False,False,no_value,no_value,non-ambiguous,untested,untested,X-38260612-C-T
,SAGE1,Splice_Site,SJDES007-R1,splice_acceptor_variant,SNP,134987410,C,105.0,NM_018666.2,X,WXS,134987410,ENST00000535938,ENST00000535938.1:c.314-1G>C,G,p.X105_splice,Bone Cancer,Tumor,SJDES007,2.83333333333,ES,17.0,Male,White/Latin America,es_dfarber_broad_2014,X-134987410-G-C,False,False,False,no_value,no_value,non-ambiguous,untested,untested,X-134987410-G-C
,STAG2,Splice_Site,SJDES007-R1,splice_acceptor_variant,SNP,123202412,G,756.0,NM_001042749.1,X,WXS,123202412,ENST00000218089,ENST00000218089.9:c.2266-2A>G,A,p.X756_splice,Bone Cancer,Tumor,SJDES007,2.83333333333,ES,17.0,Male,White/Latin America,es_dfarber_broad_2014,X-123202412-A-G,False,False,False,no_value,no_value,non-ambiguous,untested,untested,X-123202412-A-G
,STAG2,Splice_Site,SJDES018-R,splice_acceptor_variant,SNP,123176418,A,129.0,NM_001042749.1,X,WXS,123176418,ENST00000218089,ENST00000218089.9:c.386-1G>A,G,p.X129_splice,Bone Cancer,Tumor,SJDES018,3.33333333333,ES,1.5,Female,White/Europe,es_dfarber_broad_2014,X-123176418-G-A,False,False,False,no_value,no_value,non-ambiguous,untested,untested,X-123176418-G-A
